agency,org_type,state_hint,flights,first_flight,last_flight,days_since_last_flight,active_days,flights_per_active_day,total_flight_hours,median_duration_min,median_straight_line_mi,pct_with_item_number,pct_night_2200_0559,pct_training_testing,distinct_purpose_values,top_purpose_category,top_category_pct,vanity_url,vanity_page_enabled,dashboard_url,skydio_org_id
Cincinnati Police Department,law_enforcement,,30071,2025-03-19,2026-08-31,1,405,74.25,6189.3,12.4,0.60,0.1,20.8,0.0,1,call_for_service_general,97.7,,,https://www.arcgis.com/apps/dashboards/49102a57e82a4755b015ea84dcd39b01,b322b378-b726-4bd3-93fe-bab0b311191b
CSPD Real-Time Crime Center DFR Flights,law_enforcement,,10817,2025-09-21,2026-09-01,0,237,45.64,2044.5,11.3,0.87,99.7,31.2,1.2,4,dfr_program_generic,97.3,,,https://www.arcgis.com/apps/dashboards/77fe7c984946489aaf32ca7564667c0b,d1b00b98-d57d-46f0-8e13-fa169d4e1a39
Los Angeles Police Department Drone as First Responder,law_enforcement,,10590,2025-07-29,2026-08-31,1,322,32.89,2165.4,12.5,0.77,99.8,2.6,7.2,7,call_for_service_general,79.8,https://cloud.skydio.com/dashboard/lapd,true,https://www.arcgis.com/apps/dashboards/82a43b632c314e298d0b8b0bb62d4d1a,5e6750a5-1bc9-4fb6-a6cf-8693f4d603ff
Wichita Police Department,law_enforcement,,6959,2024-05-29,2026-08-31,1,603,11.54,1778.8,16.9,0.18,91.0,25.8,19.0,16,call_for_service_general,28.3,https://cloud.skydio.com/dashboard/wichita,true,https://www.arcgis.com/apps/dashboards/57fba8ee25a24d1e8d678b00938d77a2,bcdd21c4-5099-465c-b1a8-53f364447517
Philadelphia Police Department,law_enforcement,,5183,2025-03-08,2026-08-30,2,264,19.63,1034.3,11.9,0.82,98.7,8.0,4.7,42,dfr_program_generic,61.3,,,https://www.arcgis.com/apps/dashboards/acc28d9c9fbd48c68d1059452bf2bb1c,1fbc1d0b-0a24-4f30-9fb9-8775f6b4bf6f
Laredo Police Department,law_enforcement,,4876,2026-01-30,2026-08-31,1,213,22.89,865.3,10.3,0.93,99.1,27.3,0.0,15,suspicious_activity,21.2,https://cloud.skydio.com/dashboard/laredopd,true,https://www.arcgis.com/apps/dashboards/54d059bde3374638a21e593fa5d9c417,139347d9-df46-42ce-98d8-980db6bda7ff
Milwaukee Police Department,law_enforcement,,4562,2025-03-08,2026-08-23,9,371,12.30,980.1,13.5,0.34,93.7,15.8,25.3,11,weapons_gunfire,31.9,https://cloud.skydio.com/dashboard/milwaukee,true,https://www.arcgis.com/apps/dashboards/81fc8f0745944ddfbf773850cf28eca8,b438cee6-dca6-4104-ac75-c9b5f4c9c567
Dearborn Police Department (MI),law_enforcement,MI,4409,2026-01-28,2026-08-31,1,201,21.94,708.4,8.7,0.71,93.9,16.7,12.0,26,overwatch_officer_assist,27.1,,,https://www.arcgis.com/apps/dashboards/13937d18670e44d5a20a5a3821f01775,19baabe4-7447-4111-aec4-8ea71de71cb7
Brookhaven Police Department,law_enforcement,,3576,2025-05-22,2026-08-28,4,330,10.84,623.3,9.4,0.42,97.7,1.1,0.6,5,dfr_program_generic,96.4,https://cloud.skydio.com/dashboard/brookhavenpd,true,https://www.arcgis.com/apps/dashboards/71277e089a2e4bdab12566a426a46cac,dbf49e0e-920b-4aad-b7fd-83416cb46f4d
Rochester Police Department - MN,law_enforcement,,3462,2025-09-09,2026-08-13,19,294,11.78,578.8,9.9,0.63,78.9,18.7,19.6,18,reasonable_suspicion_criminal_activity,51.2,,,https://www.arcgis.com/apps/dashboards/fc2491c66ec9416aaab58eb84865d51b,deea8289-a117-4089-b1a8-d1d646a4608b
Concord Police Department (CA),law_enforcement,CA,3252,2025-10-01,2026-08-31,1,260,12.51,588.9,10.4,0.60,96.1,13.0,3.8,41,suspicious_activity,22.9,https://cloud.skydio.com/dashboard/concordpd,true,https://www.arcgis.com/apps/dashboards/0394c1027dee4b79b609a41650f623cf,efa5b827-75f5-4882-bde2-8e1464d7e40b
Greeley Police Department (CO),law_enforcement,CO,3129,2026-01-28,2026-09-01,0,166,18.85,580.5,11.3,0.60,0.0,19.3,0.0,1,call_for_service_general,99.4,,,https://www.arcgis.com/apps/dashboards/e6b0a17763154df2b33112c954ef6b0d,f020cc82-3fad-4c3e-a040-8958d4a68e12
Brooklyn Park Police Department,law_enforcement,,2085,2026-01-13,2026-08-31,1,180,11.58,412.5,11.5,0.50,74.1,23.1,9.4,11,reasonable_suspicion_criminal_activity,63.2,,,https://www.arcgis.com/apps/dashboards/b230d35acc124c4080b591a99fc3b28d,5476bd24-9000-4625-8756-139e0b63a3ee
Denver Police Department Drone as First Responder Flights,law_enforcement,,1865,2025-10-21,2026-08-28,4,204,9.14,294.5,8.9,0.63,0.5,5.9,1.7,4,overwatch_officer_assist,94.7,https://cloud.skydio.com/dashboard/denverpd,true,https://www.arcgis.com/apps/dashboards/1b5401943dfe484c9a1b0ace355d33cc,84330e44-1aca-4136-b647-22feff97871e
Santa Ana Police Department (CA),law_enforcement,CA,1688,2026-05-21,2026-08-27,5,68,24.82,269.7,8.9,0.75,81.8,21.0,15.6,5,call_for_service_general,73.2,,,https://www.arcgis.com/apps/dashboards/2a9b8236a99245dd99899b96495326fe,51374267-cb11-49a9-9185-6672d293e631
South San Francisco Police Department (CA),law_enforcement,CA,1666,2025-10-06,2026-08-27,5,272,6.13,325.7,11.0,0.56,0.1,21.9,0.0,24,suspicious_activity,33.7,,,https://www.arcgis.com/apps/dashboards/c62d7fea1f524f2ebe9f10ff5569e0c8,d9f92238-9012-451d-8350-82ece7e59c27
St. Paul Police Department (MN),law_enforcement,MN,1573,2026-06-01,2026-08-29,3,90,17.48,286.7,11.0,0.66,99.7,35.3,2.2,7,blank_not_specified,48.7,https://cloud.skydio.com/dashboard/sppd,true,https://www.arcgis.com/apps/dashboards/a821d5aa8aab434e936a2d643b28f42c,bc5608cb-2788-4280-92c2-7322bd2a213e
Caldwell Police Department (ID),law_enforcement,ID,1301,2026-01-07,2026-08-31,1,158,8.23,225.6,10.4,0.70,87.9,4.8,16.1,3,call_for_service_general,83.2,,,https://www.arcgis.com/apps/dashboards/62c4003416fb4c52ad4e03766e9ad32a,6cf2f233-f38e-4cf8-86da-8d9b4c5fc854
Minnetonka Police Department,law_enforcement,,1273,2025-02-13,2026-08-26,6,287,4.44,251.3,11.6,0.53,98.7,4.1,27.5,10,reasonable_suspicion_criminal_activity,31.9,,,https://www.arcgis.com/apps/dashboards/864a017ece0f4aa898e0026032f8ce92,a5d35662-d210-4194-b2c4-7e9332fc2732
Town of Ramapo Police Department,law_enforcement,,1234,2026-03-31,2026-08-31,1,153,8.07,199.3,10.1,0.50,2.7,13.9,15.7,19,blank_not_specified,42.1,,,https://www.arcgis.com/apps/dashboards/91bfbf2aaa034122810ad9120c1213b9,c7e49e30-75d6-4eb6-8d25-19de98286b09
Arvada Police Department (CO),law_enforcement,CO,1205,2026-05-22,2026-08-31,1,89,13.54,210.6,10.7,0.68,99.3,6.9,23.8,75,training_testing,23.8,,,https://www.arcgis.com/apps/dashboards/b7c9dafc9f1047f4af6f3df05a7fae2e,d5a0507e-f4f1-41cc-a666-40dabdaa2286
St. Cloud Police Department,law_enforcement,,1087,2025-02-09,2026-08-28,4,250,4.35,218.5,11.8,0.56,98.2,7.1,0.1,37,property_crime,14.4,,,https://www.arcgis.com/apps/dashboards/a72c3583084241528c5dc488d59892ba,fc542615-7161-478a-b623-60b82e6ea9ab
Lewisville Police Department (TX) DFR,law_enforcement,TX,974,2026-02-26,2026-07-27,36,101,9.64,170.7,10.4,0.69,99.5,24.8,15.5,7,call_for_service_general,81.7,,,https://www.arcgis.com/apps/dashboards/f93f7ce5e9f447ce8fdb8593dd11442d,344a8d24-1db5-4368-9206-81a4adb93ca9
Duluth Police Department (MN),law_enforcement,MN,881,2025-12-16,2026-09-01,0,118,7.47,139.8,8.9,0.36,68.9,0.9,23.2,7,reasonable_suspicion_criminal_activity,57.5,,,https://www.arcgis.com/apps/dashboards/c916825c24e04d3bbd226e8e5aeb56c5,54924db8-8cd4-413b-8ab5-ee1412b6fba3
Durango Police Department (CO),law_enforcement,CO,871,2026-05-28,2026-08-31,1,83,10.49,160.0,10.9,0.42,0.0,8.6,2.4,3,overwatch_officer_assist,87.0,,,https://www.arcgis.com/apps/dashboards/e9e298e4ce57474c96908c82dfe2c8d8,ab5c34f9-160d-49f1-83a6-73ab507291a9
Vanderbilt University Police Department,law_enforcement,,757,2026-04-21,2026-08-30,2,99,7.65,93.0,5.7,0.16,0.3,4.2,1.6,4,blank_not_specified,79.5,,,https://www.arcgis.com/apps/dashboards/a8cd850f37644d7ca7d50dde2ab9733a,bc63cfbe-82f1-4d06-90b5-86bad094368f
Santa Clara County Sheriff's Office UAS Flights,law_enforcement,,698,2024-12-09,2026-07-27,36,216,3.23,182.3,16.4,0.08,99.9,37.8,0.6,11,other_unspecified,66.3,,,https://www.arcgis.com/apps/dashboards/06fa738e00f84de6a9fa587a01ab159e,a34eedd9-14db-41e1-ad32-86064c27e170
Cobb County Police Department,law_enforcement,,667,2025-11-06,2026-08-28,4,163,4.09,104.4,9.0,0.20,68.4,10.9,41.4,6,overwatch_officer_assist,49.8,,,https://www.arcgis.com/apps/dashboards/b8e5c097e1bb44c7bd3912fb79037cba,5b551c3f-90ca-4771-82b9-f33a4de6d47a
Tampa Police Department,law_enforcement,,641,2026-01-03,2026-08-20,12,100,6.41,141.6,14.3,0.52,93.9,29.5,6.2,6,call_for_service_general,60.1,https://cloud.skydio.com/dashboard/tampa,true,https://www.arcgis.com/apps/dashboards/ba48b9c7ffa549749decea24ad63264f,20da68e0-39f9-4a52-8f59-0cf625d793b9
Montgomery County PD - G47 Beta,law_enforcement,,478,2025-04-01,2026-06-12,81,97,4.93,98.1,12.0,0.50,15.3,9.0,4.0,2,dfr_program_generic,94.8,,,https://www.arcgis.com/apps/dashboards/10da1489c7e441b99b824c1fc5faf0a9,1df25366-409d-49ed-bbe3-97dc8f053467
Lee County Government,government_other,,473,2024-04-04,2026-08-03,29,125,3.78,98.7,11.6,0.06,0.2,0.0,20.7,11,infrastructure_inspection,32.1,,,https://www.arcgis.com/apps/dashboards/efe67bb8531c4907b4b355403485e2fc,6fde1bb5-8e12-47b1-9ca7-0f2fafcac3a5
Los Altos Police Department (CA),law_enforcement,CA,444,2026-03-05,2026-08-25,7,118,3.76,84.6,11.4,0.61,64.6,4.3,35.6,25,training_testing,35.6,,,https://www.arcgis.com/apps/dashboards/555d9b93a2824197becd4066013775ea,4e9b6dad-3dea-4c31-ad91-6f2acf0663c4
Belmont Police Department,law_enforcement,,438,2025-03-27,2026-08-21,11,210,2.09,99.4,13.2,0.11,61.4,20.8,37.7,13,training_testing,37.7,,,https://www.arcgis.com/apps/dashboards/32ec77cf9c7346cbba65b8c3830142a2,b6d8e0be-c940-4af5-8e04-abb341aab4b7
Detroit Fire Department,fire_ems,,435,2024-02-04,2026-03-09,176,79,5.51,101.1,11.2,0.03,98.4,0.9,46.7,5,training_testing,46.7,,,https://www.arcgis.com/apps/dashboards/00013c28bfd349089a62f87b1cab5fd2,020f7282-0454-4e1b-b74d-b9579a1b0aca
Bloomington Police Department (IL),law_enforcement,IL,412,2026-04-04,2026-08-14,18,89,4.63,72.7,8.7,0.09,18.4,21.8,74.8,8,training_testing,74.8,,,https://www.arcgis.com/apps/dashboards/cc7f3e1ceb9d4e79a05d6e9f5e1ebe6b,d6bcac94-87db-4629-882b-d9d536a02019
Metropolitan Nashville Police Department (TN),law_enforcement,TN,409,2026-05-26,2026-08-07,25,30,13.63,98.9,15.3,1.34,100.0,4.4,0.0,24,disorder_quality_of_life,24.4,,,https://www.arcgis.com/apps/dashboards/a190b98bd45c40bd9c35cc054a004f49,678dee26-6aa8-4d60-bf1c-30c7b0f6b517
Conroe Police Department,law_enforcement,,371,2026-05-11,2026-09-01,0,57,6.51,76.7,12.9,0.83,82.2,20.7,17.5,27,training_testing,17.5,https://cloud.skydio.com/dashboard/conroepd,true,https://www.arcgis.com/apps/dashboards/ba178654b95049549774ec4efd3573c6,79b5be63-b4db-4db2-bad3-2b4e15ba9a71
Glendale Police Department (CA) - Trial,law_enforcement,CA,364,2026-02-10,2026-03-05,180,20,18.20,69.0,11.5,0.65,0.0,1.6,6.0,4,call_for_service_general,64.8,,,https://www.arcgis.com/apps/dashboards/45470a6e60354b068d1ddb6076fcc26c,4f699e44-59d1-4e96-878b-b1518f67a219
Menifee Police Department,law_enforcement,,359,2025-11-21,2026-08-31,1,138,2.60,70.4,11.1,0.65,93.6,25.3,15.3,3,call_for_service_general,69.4,,,https://www.arcgis.com/apps/dashboards/a6e459fbc6194f17ac08084aec34e603,20661392-fe22-4ecb-9e9b-4a32382e27d8
New Orleans Police Department,law_enforcement,,297,2026-01-13,2026-06-28,65,52,5.71,100.8,22.3,0.15,22.2,8.1,4.0,8,event_security,79.5,https://cloud.skydio.com/dashboard/nopd,true,https://www.arcgis.com/apps/dashboards/1b53a78ceea54a15bf004f239db3dd43,bbe82a3b-5931-40c7-b848-f921b8da0373
Overland Park Police Department (KS),law_enforcement,KS,295,2026-05-12,2026-08-31,1,59,5.00,64.7,13.4,1.25,89.2,5.5,1.0,5,call_for_service_general,93.6,,,https://www.arcgis.com/apps/dashboards/046b94ec93f84a599e69d5f1b1b01eb1,2b350515-444b-4007-890b-471ce5652da0
Laurel Police Department UAS Flight Data,law_enforcement,,292,2026-07-02,2026-08-31,1,32,9.13,52.8,10.3,0.45,83.2,2.7,14.0,6,call_for_service_general,76.4,,,https://www.arcgis.com/apps/dashboards/f9e4f009b02b43628e8d259acbe14a68,8a785c98-aec7-47e3-8868-170a8886e542
Cherry Hill Police Department,law_enforcement,,287,2023-03-24,2026-08-25,7,87,3.30,47.0,9.1,0.06,99.3,0.7,92.3,13,training_testing,92.3,,,https://www.arcgis.com/apps/dashboards/94993e7062594865ab808e13b4373669,462ccdb5-0825-4c44-a722-63b1dfeff4be
Monroe County Sheriff's Office DFR Flights,law_enforcement,,266,2026-03-09,2026-08-28,4,63,4.22,47.6,10.9,1.01,93.2,0.0,22.2,9,overwatch_officer_assist,46.2,,,https://www.arcgis.com/apps/dashboards/57633537efa44d2eb774f49ef3c2bf59,8f89237e-d91e-4bdf-adea-f99dae78585e
Cleveland Division of Police,law_enforcement,,248,2024-11-24,2026-08-30,2,69,3.59,78.5,21.9,0.07,99.6,12.5,23.4,8,event_security,39.9,https://cloud.skydio.com/dashboard/clevelandpolice,true,https://www.arcgis.com/apps/dashboards/7e8326e7b872424f9f6c7182f397178b,60c5407a-5d0b-4fa9-8a7e-5f24f614d95d
University of Illinois Division of Public Safety,university,,244,2026-05-14,2026-09-01,0,89,2.74,31.8,5.1,0.03,27.9,5.8,70.1,8,training_testing,70.1,,,https://www.arcgis.com/apps/dashboards/d4a3d2851dba46149858ce525b941b90,4fe95fdb-cbe2-4ba5-ad46-779fa050cd4d
Chesterfield County Police Department (VA),law_enforcement,VA,237,2026-07-15,2026-08-31,1,32,7.41,36.1,8.4,0.32,38.4,3.0,65.0,2,training_testing,65.0,https://cloud.skydio.com/dashboard/chesterfieldpublicsafety,true,https://www.arcgis.com/apps/dashboards/50b238d27ed94d298ebceaff9ee48bf4,60d35172-24f0-43a6-b2a5-ef4fbf773f36
Melrose PARK Police Department (IL),law_enforcement,IL,234,2026-05-01,2026-08-30,2,63,3.71,36.1,8.2,0.25,99.1,1.3,14.5,5,call_for_service_general,60.3,,,https://www.arcgis.com/apps/dashboards/e0d00aa615684f678bdd7cda8cf29083,7bff39e5-3d3b-4e6d-b51a-7aac0d215d1d
The University of Tennessee Police Department,law_enforcement,,228,2026-04-20,2026-08-28,4,70,3.26,41.1,9.9,0.29,2.6,9.6,53.1,7,training_testing,53.1,,,https://www.arcgis.com/apps/dashboards/647f9b0728384289927fe5ff71dec13c,72623a10-c3bc-4c30-b3a6-761b300e22c1
Calcasieu Parish Sheriff's Office,law_enforcement,,188,2025-11-14,2026-07-22,41,29,6.48,42.7,13.9,1.30,99.5,16.5,0.0,2,dfr_program_generic,97.9,https://cloud.skydio.com/dashboard/cpso,true,https://www.arcgis.com/apps/dashboards/d121145f41bc46fb8ae2dc6dcbe0b293,00a1a479-73f8-4394-b5ae-8e30d6ea2b47
Killeen Police Department (TX),law_enforcement,TX,163,2026-03-24,2026-09-01,0,45,3.62,31.8,10.7,0.20,10.4,28.2,1.2,3,overwatch_officer_assist,87.1,,,https://www.arcgis.com/apps/dashboards/71bd05b0f73341c5a8caaa6ef84c4b1f,49ade02b-3fb2-4e87-9850-449c56d62d7a
Milford Police Department,law_enforcement,,145,2025-07-04,2026-03-24,161,77,1.88,30.0,12.3,0.91,82.1,8.3,2.8,9,call_for_service_general,31.7,,,https://www.arcgis.com/apps/dashboards/0ed27de487774b9eb6b7fd249f91ef65,c93bfbab-1af8-4a0d-af91-996971296565
University of Arizona - Real Time Coordination Center,university,,121,2026-03-09,2026-04-04,150,20,6.05,27.2,14.6,0.35,0.0,3.3,24.0,2,call_for_service_general,76.0,,,https://www.arcgis.com/apps/dashboards/8946d06a91434fc6898da9bafbdfd953,a9cccd4a-9c5c-4583-a5d4-cd26dc0c74a6
Hollywood Police Department,law_enforcement,,107,2024-11-22,2026-04-23,131,37,2.89,18.9,7.3,0.01,25.2,16.8,16.8,5,blank_not_specified,62.6,,,https://www.arcgis.com/apps/dashboards/bc2e1abd9acb4917b48fc189f26239aa,a54861b7-de06-466c-946c-cb76690e0bf9
Metropolitan Police Department,law_enforcement,,106,2024-09-23,2026-05-26,98,56,1.89,19.8,10.8,0.12,20.8,0.0,7.5,8,blank_not_specified,40.6,,,https://www.arcgis.com/apps/dashboards/f9cf6e64c7c246a68596da24f904e47f,edd2a1aa-8614-4d75-82c0-7612f79e76c9
Fitchburg Police Department (WI),law_enforcement,WI,95,2026-07-13,2026-07-17,46,5,19.00,12.5,6.5,0.54,71.6,7.4,41.1,2,training_testing,41.1,,,https://www.arcgis.com/apps/dashboards/0249cfdd63684f5a81dd5c33b710a464,8e45029b-d16d-40fb-be1d-032fe5217ec3
Pacifica Police Department (CA) Drone Transparency Portal,law_enforcement,CA,86,2025-11-17,2026-07-04,59,34,2.53,16.8,10.1,0.06,16.3,11.6,43.0,2,other_unspecified,53.5,,,https://www.arcgis.com/apps/dashboards/5866d865778a41a0bb200e9131070fc2,85b68552-70ac-46fd-99dd-407dd05a9fb0
Watchung Police Department,law_enforcement,,76,2025-05-06,2026-05-30,94,51,1.49,12.8,9.1,0.09,17.1,0.0,63.2,7,training_testing,63.2,,,https://www.arcgis.com/apps/dashboards/dfb49fccd26940159ad80ab2e7ee8dd6,fd6caf9d-c8a9-4a5d-8392-332b6b286f21
Tulsa Fire Department,fire_ems,,66,2025-09-12,2026-08-27,5,45,1.47,17.3,16.7,0.16,1.5,3.0,22.7,5,call_for_service_general,50.0,https://cloud.skydio.com/dashboard/tulsafire,true,https://www.arcgis.com/apps/dashboards/aa6360f6c007449996862a05cb499bd1,c262e446-ed06-435e-b31d-399196d7618d
Crubier,corporate_utility,,57,2024-04-11,2026-01-17,227,24,2.38,15.9,17.9,0.00,1.8,1.8,10.5,5,suspicious_activity,40.4,,,https://www.arcgis.com/apps/dashboards/ea32f26fbba4458c9dcd12bdaceda7a9,cdd6e6eb-9bd8-49ce-8f62-08aaf3e6f73c
Fairfax County Police Department,law_enforcement,,54,2026-03-19,2026-07-28,35,27,2.00,12.1,13.8,0.85,0.0,14.8,0.0,1,blank_not_specified,98.1,,,https://www.arcgis.com/apps/dashboards/c47a7c0ff6d5465884f182588bd2a15f,b9a43b2e-83d7-447c-a3cd-432b6314a2d3
West Palm Beach Police Department,law_enforcement,,46,2024-12-10,2025-08-02,395,8,5.75,8.0,9.1,0.57,2.2,13.0,0.0,0,blank_not_specified,100.0,,,https://www.arcgis.com/apps/dashboards/92ead0d3c5c6434a8272625b91d3e40e,c48c3a00-583c-4e38-bce6-903a804e49c7
Axon,vendor_partner,,41,2024-10-23,2026-05-07,117,26,1.58,8.8,12.2,0.08,43.9,2.4,0.0,8,suspicious_activity,34.1,,,https://www.arcgis.com/apps/dashboards/c7819204066a4f71af6a5463be0f8b30,1f18467c-59a9-45ae-a839-9de5448b01ce
Axon Air PSM,vendor_partner,,40,2025-03-12,2026-07-01,62,28,1.43,6.7,9.2,0.09,12.5,0.0,40.0,5,training_testing,40.0,,,https://www.arcgis.com/apps/dashboards/490bbd4e23aa4d2683c48a53b2a38e6d,28d55979-8974-44a6-825e-0b44fc0505d2
CSU Long Beach Police Department,law_enforcement,,38,2026-05-17,2026-05-21,103,5,7.60,10.5,15.9,0.22,0.0,0.0,0.0,1,community_outreach_pr,100.0,,,https://www.arcgis.com/apps/dashboards/4fc07c3ce464428d98bdc9cc449c8454,201dfb07-3302-4a0e-8dee-18f16a1e2167
Upper Arlington Police Division (OH),law_enforcement,OH,37,2026-05-30,2026-08-27,5,21,1.76,7.2,9.4,0.06,0.0,18.9,91.9,2,training_testing,91.9,,,https://www.arcgis.com/apps/dashboards/f5ea9137103a48d78bb5f2504d2a9d6e,25ca6061-00d7-40fd-b20b-83de3dfb014b
Virginia Beach Police Department DFR Flights,law_enforcement,,37,2026-07-04,2026-08-29,3,26,1.42,6.7,10.5,0.42,100.0,13.5,0.0,1,call_for_service_general,94.6,https://cloud.skydio.com/dashboard/vbpd,true,https://www.arcgis.com/apps/dashboards/9cac2db7f521433ebbecd7dda731562b,3a180c93-a159-40da-b60a-27e1bc88df0a
Gerrittsen Beach Fire Department,fire_ems,,35,2025-06-05,2026-06-21,72,18,1.94,7.1,9.8,0.06,0.0,14.3,31.4,2,other_unspecified,57.1,,,https://www.arcgis.com/apps/dashboards/5feb59dab107420f9e040fecca5a41d2,b321f5f8-60fb-4d2e-93c1-a1c8efbdcf74
Tennessee Department of Transportation (TDOT),corporate_utility,,35,2024-09-20,2024-12-11,629,17,2.06,9.7,16.3,0.01,0.0,0.0,0.0,2,infrastructure_inspection,82.9,,,https://www.arcgis.com/apps/dashboards/59e75c20358a47759f3ef694bc438f50,57a25d07-69af-4598-81c5-e7b70fc82f07
Chiefland Police Department (FL),law_enforcement,FL,29,2026-03-06,2026-07-08,55,12,2.42,3.8,4.7,0.04,100.0,0.0,65.5,4,training_testing,65.5,,,https://www.arcgis.com/apps/dashboards/cd48d90615b748d9ad10b51f6e30b0bd,87202c0e-e269-4fea-9d71-d7143289a976
Hamilton Police Department (OH),law_enforcement,OH,29,2026-05-05,2026-06-03,90,6,4.83,6.1,12.7,0.80,0.0,17.2,0.0,0,blank_not_specified,100.0,,,https://www.arcgis.com/apps/dashboards/d34653ae03a74404a75b2ee4ea53ce53,820a13b2-09d7-47b8-9c6c-285eb8ab882f
Niles Police Department (IL),law_enforcement,IL,29,2026-07-04,2026-08-25,7,13,2.23,6.4,11.5,0.28,69.0,20.7,17.2,3,call_for_service_general,55.2,,,https://www.arcgis.com/apps/dashboards/46325aa313e94f36864c2afb254fa69c,fc7bdb35-bb23-4daa-b0a0-d58745c63c3e
Australian Federal Police Drone Flights for Missing Person (Sharon Granites),law_enforcement,,28,2026-04-26,2026-04-29,125,3,9.33,8.0,18.5,0.42,0.0,0.0,0.0,1,missing_person_search,100.0,,,https://www.arcgis.com/apps/dashboards/fc5e3073f45f480e8a96e7a896861700,f80d9b99-2119-4ed2-9496-7530b8e962cd
Gray Fire Rescue,fire_ems,,27,2025-05-27,2026-06-30,63,20,1.35,5.4,11.8,0.10,85.2,3.7,40.7,7,training_testing,40.7,,,https://www.arcgis.com/apps/dashboards/5a75354712194028989ec53180676b56,38f8f752-9126-4a96-af36-fcaa0cfadae9
Dallas Police Department,law_enforcement,,26,2026-05-20,2026-08-12,20,11,2.36,2.0,1.7,0.00,96.2,0.0,96.2,2,training_testing,96.2,,,https://www.arcgis.com/apps/dashboards/50131d633d314eef8408f834f22c19b3,b0509266-d8dd-4037-ab48-f1aadedd8914
Adams County Sheriffs Office (WA),law_enforcement,WA,24,2026-04-16,2026-08-27,5,13,1.85,5.6,14.1,0.05,58.3,29.2,33.3,8,training_testing,33.3,,,https://www.arcgis.com/apps/dashboards/a9c7cf7faa2e4aae81cfaeab65a401c5,5ecb6121-1578-43c6-a179-4b57b6fbd15a
Appleton Police Department (WI),law_enforcement,WI,23,2026-08-01,2026-08-28,4,13,1.77,4.9,11.3,0.30,100.0,52.2,43.5,7,training_testing,43.5,,,https://www.arcgis.com/apps/dashboards/dc72264a9fcf40eca84e78661ed37a16,b145d623-0763-4f8b-a303-c0e2bfdf4615
Oklahoma City Police Department Docked,law_enforcement,,21,2025-01-21,2025-01-23,586,3,7.00,2.8,8.6,0.00,42.9,0.0,100.0,1,training_testing,100.0,,,https://www.arcgis.com/apps/dashboards/c325906195cc4f72a94202bb2019eabd,83807192-7e23-435a-9bcd-693eba46d9a2
Terrebonne Parish Sheriff's Office (LA),law_enforcement,LA,20,2026-06-29,2026-08-26,6,7,2.86,4.0,12.3,0.07,60.0,15.0,30.0,3,blank_not_specified,50.0,,,https://www.arcgis.com/apps/dashboards/f84e8578eb4e4deeb0e4d7785b3d4982,3f9a1a18-2a78-440c-b94f-8944501a19b9
El Dorado Police Department- Kansas,law_enforcement,,19,2026-05-22,2026-08-22,10,9,2.11,5.6,18.4,0.26,68.4,42.1,0.0,6,suspect_search_pursuit,42.1,,,https://www.arcgis.com/apps/dashboards/f3b2fd312cc24ba99fdafc4387f4bb0f,a3a69790-cdcf-49d2-b928-db8d95a88269
Norton Police Department (OH) sUAS Flights,law_enforcement,OH,18,2026-07-30,2026-08-26,6,9,2.00,3.7,13.8,0.05,16.7,16.7,72.2,5,training_testing,72.2,,,https://www.arcgis.com/apps/dashboards/9e47de96be8a4dec90b98064bff26c12,2fed5f2e-c902-4a3d-9fdf-4d8b1d33fb9e
Providence Police Department (RI),law_enforcement,RI,17,2026-07-24,2026-08-02,30,5,3.40,4.1,14.7,0.66,88.2,47.1,0.0,4,call_for_service_general,52.9,,,https://www.arcgis.com/apps/dashboards/b1c8de98bc844f54b881a64aa3c7a93b,215f4ae3-80af-4574-b7ef-628698975a30
Oklahoma City Police Department,law_enforcement,,16,2024-11-16,2025-02-04,574,7,2.29,2.4,7.8,0.00,31.3,0.0,62.5,3,training_testing,62.5,,,https://www.arcgis.com/apps/dashboards/c7a3fac3b8024e2098e8d98aede302b5,86914868-dfa9-455f-9a77-604bd1137f9c
Titusville Police Department sUAS Transparency Dashboard,law_enforcement,,16,2025-12-29,2026-08-11,21,8,2.00,4.3,17.3,0.28,81.3,18.8,31.3,3,other_unspecified,37.5,,,https://www.arcgis.com/apps/dashboards/5378b0bf683744ccb1f7493d70c3c39f,d8d546ec-2307-4451-b9d3-09a6bad449cb
Fayette County Sheriff's Office (GA),law_enforcement,GA,15,2026-03-11,2026-06-04,89,8,1.88,3.6,17.9,0.60,0.0,0.0,0.0,1,blank_not_specified,86.7,https://cloud.skydio.com/dashboard/fayettecountysheriff,true,https://www.arcgis.com/apps/dashboards/038598dc66d44090a6c3e537d996868d,c5405483-77cb-4394-8a4d-9cb8da564e16
Lake County Sheriff's Office (FL),law_enforcement,FL,15,2025-01-03,2025-01-29,580,2,7.50,3.6,14.9,0.00,100.0,13.3,86.7,2,training_testing,86.7,,,https://www.arcgis.com/apps/dashboards/20e1ba0f975a49c3b0431ad9ec569b1b,6fdacf68-ca72-4f3d-8acd-8ea142586d22
Miami Beach PD - G47 Beta,law_enforcement,,14,2025-10-31,2025-11-04,301,3,4.67,2.0,8.3,0.68,21.4,21.4,7.1,4,call_for_service_general,71.4,,,https://www.arcgis.com/apps/dashboards/6a4e721a3d1d4493bfd1f3caf7c0b59a,ad7288de-741f-4fff-b41a-700b1a27522a
Hampton Police Department (VA),law_enforcement,VA,13,2026-07-28,2026-08-21,11,10,1.30,1.9,9.2,0.38,100.0,0.0,0.0,7,unclassified,61.5,,,https://www.arcgis.com/apps/dashboards/7f548a7c0fe54c2989d1f5beb949736f,ad1a33f9-6a39-4dff-8b3c-7bb55dd90843
Arkansas DOT,government_other,,11,2025-02-24,2025-03-10,540,6,1.83,1.3,5.9,0.00,0.0,0.0,45.5,2,infrastructure_inspection,45.5,,,https://www.arcgis.com/apps/dashboards/88c4f1e8bda644668f3c363a821225a0,b300d1e3-5183-48e5-939c-db2e1346d1bc
Honolulu Police Department,law_enforcement,,11,2026-08-03,2026-08-20,12,5,2.20,3.3,18.9,0.26,0.0,45.5,0.0,0,blank_not_specified,100.0,,,https://www.arcgis.com/apps/dashboards/276109f23c14448bb789ece9d88e83a7,0f94aa81-9cc2-479a-b91e-21a3632c9f7d
Amarillo Police Department,law_enforcement,,10,2025-03-03,2025-03-09,541,5,2.00,2.0,13.0,0.70,100.0,40.0,0.0,2,dfr_program_generic,80.0,,,https://www.arcgis.com/apps/dashboards/f34686592a37474e830e95065fcca6d8,c04f8ccb-bea2-487e-834e-9ccdfcd41f08
Everett Police Department (WA),law_enforcement,WA,10,2026-08-03,2026-08-26,6,5,2.00,1.5,8.1,0.12,0.0,10.0,0.0,0,blank_not_specified,100.0,,,https://www.arcgis.com/apps/dashboards/698d0105df8e45f7906b57ea1e596465,069b1064-c1fe-48e5-ab4d-12d23fa9d693
Oakland County Sheriff's Office,law_enforcement,,9,2026-07-16,2026-07-16,47,1,9.00,2.0,15.8,1.52,0.0,0.0,0.0,0,blank_not_specified,100.0,,,https://www.arcgis.com/apps/dashboards/11517f673dc847f4bcf7f48fd3139e7f,f0fc18ff-27e6-4ee1-9991-6eb74d6ebf75
Pickens County Sheriffs Office (GA),law_enforcement,GA,9,2026-06-29,2026-08-24,8,5,1.80,1.2,5.4,0.03,11.1,0.0,66.7,4,training_testing,66.7,,,https://www.arcgis.com/apps/dashboards/f2e26f7a271249c6a9935b99fddb4d0b,8a9dac71-3c14-43d4-be88-fafa3e714afc
Louisville Metro Government,government_other,,8,2025-10-21,2025-10-23,313,3,2.67,1.9,15.0,1.13,62.5,25.0,0.0,3,blank_not_specified,37.5,,,https://www.arcgis.com/apps/dashboards/e626c750dedc49e1ae572d103e188bb4,75ec7cb4-8b40-42d8-b3e5-9531e3c0d29c
Quincy Police Department,law_enforcement,,8,2025-09-30,2026-01-06,238,5,1.60,1.2,5.7,0.04,75.0,0.0,0.0,0,blank_not_specified,100.0,,,https://www.arcgis.com/apps/dashboards/842da83f140c4bcb93f2164981ea0dec,86f0324b-af44-49e5-9c04-48b1e9daa247
Rowlett Police Department (TX),law_enforcement,TX,8,2026-07-02,2026-08-26,6,5,1.60,2.1,17.9,0.30,75.0,37.5,0.0,3,call_for_service_general,50.0,,,https://www.arcgis.com/apps/dashboards/8f9ba15b43564c2dad3299b74399b590,22de7246-09cd-40c5-a600-8ae3ad581cf6
TRIAL - Fargo Police Department,law_enforcement,,8,2025-12-07,2025-12-08,267,2,4.00,1.5,15.0,1.21,62.5,0.0,0.0,0,blank_not_specified,100.0,,,https://www.arcgis.com/apps/dashboards/c95c74d0abbd4b588f233a04a893e25a,7280a95f-cbe4-4cc4-b288-b22b28c9a079
Bernalillo County Sheriff's Office,law_enforcement,,7,2026-03-12,2026-03-24,161,5,1.40,1.8,16.3,0.37,100.0,14.3,0.0,5,missing_person_search,42.9,,,https://www.arcgis.com/apps/dashboards/831574a885f145c9ad80a2dbbed4e0be,4870b79d-bcc1-4b01-8de0-a180cc59faa8
El Centro Police Department - CA,law_enforcement,,7,2025-03-21,2025-04-07,512,2,3.50,1.2,10.3,0.03,71.4,0.0,0.0,1,other_unspecified,71.4,,,https://www.arcgis.com/apps/dashboards/987c3bcd7aa644bb876e9c401fd9b2a6,db43ceca-fab8-4e0e-803e-3e92f01bcec6
FSU EMHS,university,,7,2025-11-17,2025-12-12,263,3,2.33,1.4,6.5,0.06,0.0,0.0,42.9,2,unclassified,57.1,,,https://www.arcgis.com/apps/dashboards/e51b33d0cd5c4c0ca801dab88a739b90,9b31bb2c-80a2-4ffe-8a38-088e9e1a780e
Kootenai County Sheriff's Office (ID),law_enforcement,ID,6,2026-06-17,2026-06-21,72,2,3.00,2.1,22.1,0.11,100.0,16.7,0.0,2,other_unspecified,66.7,,,https://www.arcgis.com/apps/dashboards/28e40b58334948d5a551f831c83db142,2469f93b-ad2a-4463-adad-b654a4bc40a0
Los Gatos/Monte Sereno Police Department,law_enforcement,,6,2026-02-04,2026-08-25,7,4,1.50,1.1,11.5,1.16,100.0,33.3,0.0,0,blank_not_specified,100.0,,,https://www.arcgis.com/apps/dashboards/f766075aa8694f0dba75b8a350e5c131,7882e1c8-ee00-4311-95fb-aca5b4c534e5
NIRAS EMEA,corporate_utility,,6,2025-01-21,2025-01-21,588,1,6.00,1.3,16.9,0.01,0.0,0.0,0.0,1,infrastructure_inspection,100.0,,,https://www.arcgis.com/apps/dashboards/37b99114b5d843fabfa7cd05b0ecbbd1,94045c25-2e0f-4b9a-b3b0-91ecc600e45c
Frederick County Sheriff's Office,law_enforcement,,5,2026-01-23,2026-02-23,190,5,1.00,1.1,14.4,0.26,100.0,20.0,0.0,2,unclassified,80.0,,,https://www.arcgis.com/apps/dashboards/757a3ca500934bfa9de33669a5d473e8,5e6642fd-2d61-4c76-b398-cae135d916b5
Knox County Sheriffs Office (TN),law_enforcement,TN,5,2026-04-10,2026-04-10,144,1,5.00,1.4,20.7,0.21,0.0,100.0,0.0,1,overwatch_officer_assist,100.0,,,https://www.arcgis.com/apps/dashboards/2fedc6d0fa3a4ff3b8bc0608e708b768,ef31cc96-e316-423a-8c6c-f64c39a11840
Nevada County Sheriff's Office,law_enforcement,,5,2025-02-03,2025-02-28,550,3,1.67,2.0,22.6,0.07,100.0,0.0,0.0,1,call_for_service_general,80.0,,,https://www.arcgis.com/apps/dashboards/c414beda48c0421ba36d9a81b31a5a4a,78f645bb-c80a-463a-a70a-53e7af54c765
Cherry Valley Police Department,law_enforcement,,4,2024-11-09,2025-12-25,250,4,1.00,0.5,8.8,0.01,100.0,25.0,100.0,2,training_testing,100.0,https://cloud.skydio.com/dashboard/cvpd,true,https://www.arcgis.com/apps/dashboards/1c97e9500fb84acdb5ca2b9fb74e8c50,15dbf4a2-d9d8-4cf6-9599-33cc3faaadb9
Escambia County Sheriffs Office (FL),law_enforcement,FL,4,2025-04-12,2026-01-29,215,3,1.33,1.3,26.7,0.21,0.0,25.0,75.0,3,training_testing,75.0,,,https://www.arcgis.com/apps/dashboards/d2a0e9c04fca4bcda91af3d52ef18e3c,6dae47d9-4646-4f63-9ea2-f2b53cab1298
Marysville Police Department - Sno911 DFR Flights,law_enforcement,,4,2025-08-09,2025-08-09,388,1,4.00,1.1,19.1,0.63,0.0,0.0,0.0,1,search_rescue_medical,100.0,,,https://www.arcgis.com/apps/dashboards/882eadd9bfef4ca58b9b20f73781d6dc,e83aab52-ff5b-4548-8706-8c7bbc095da5
Middlefield Vol. Fire Co.,fire_ems,,4,2024-11-16,2025-06-16,442,4,1.00,1.4,20.1,0.11,25.0,0.0,50.0,1,blank_not_specified,50.0,,,https://www.arcgis.com/apps/dashboards/61dfcc89c4804cb5aefd93ffbb3219e4,945f9a26-388f-4b46-a72c-4b64e52e83b5
New Berlin Marshal's Office (TX),law_enforcement,TX,4,2026-08-26,2026-08-26,6,1,4.00,1.3,22.2,0.46,100.0,0.0,0.0,1,overwatch_officer_assist,100.0,,,https://www.arcgis.com/apps/dashboards/82eadbba84e7480f9e614ba2c7d5c5f5,50baf856-1c7f-4f2e-b563-d5a1bec57014
Boston PD,law_enforcement,,3,2026-01-20,2026-02-08,205,2,1.50,0.5,11.8,0.15,33.3,0.0,0.0,0,blank_not_specified,100.0,https://cloud.skydio.com/dashboard/bostonpolice,true,https://www.arcgis.com/apps/dashboards/1f5e7b6f6daa426daab73a4225a5062e,a6719287-93b5-4cb6-970d-9e3ba5e9ff6d
Foxborough Police Department (MA),law_enforcement,MA,3,2026-03-26,2026-03-26,159,1,3.00,0.9,18.4,0.57,0.0,0.0,0.0,0,blank_not_specified,100.0,,,https://www.arcgis.com/apps/dashboards/d8e670915cd6437c985ee831219964d8,b3a05556-7f38-404c-a296-d21dbe2cf2cc
Indian River County Emergency Services (FL),fire_ems,FL,3,2026-08-11,2026-08-11,21,1,3.00,0.0,0.0,0.27,100.0,0.0,0.0,1,unclassified,100.0,,,https://www.arcgis.com/apps/dashboards/5c38bed763624cedbc63178f11687739,c2e0fb02-369b-42a4-b70d-dae4ba3d8509
Las Vegas Metropolitan Police Department,law_enforcement,,3,2026-05-27,2026-05-27,97,1,3.00,0.4,9.8,0.22,0.0,0.0,0.0,1,other_unspecified,100.0,,,https://www.arcgis.com/apps/dashboards/70a0fe191f6d407e8044e416df7910b2,eaee1074-6c2b-42d5-9e8e-d9003c16b3db
MLGW,corporate_utility,,3,2025-06-17,2025-06-18,440,2,1.50,1.0,16.9,0.09,100.0,0.0,0.0,2,infrastructure_inspection,66.7,,,https://www.arcgis.com/apps/dashboards/1baaf00e2bd14cfc82e8e9df06d60cf4,fa62a7d5-2f14-4df9-b89e-1b12b6f91366
Oakland County Sheriff's Office DFR,law_enforcement,,3,2025-09-05,2025-09-05,361,1,3.00,0.5,7.7,0.19,0.0,0.0,0.0,0,blank_not_specified,100.0,,,https://www.arcgis.com/apps/dashboards/6c4d65ac50574b4e9254572f0df4c43e,e7cd5233-b363-4033-8976-f8fc2a54da96
Alaska DOT&PF,government_other,,2,2026-06-22,2026-06-22,71,1,2.00,0.3,12.6,0.04,0.0,0.0,0.0,0,blank_not_specified,100.0,,,https://www.arcgis.com/apps/dashboards/fb9447dc4b354c99850366254b6c7c0f,d59be3e5-7597-446f-9ba8-6928a549fa22
Brooklyn Park PD (MN) - Dock Trial,law_enforcement,MN,2,2025-11-14,2025-11-14,291,1,2.00,0.2,12.0,0.25,50.0,0.0,100.0,1,training_testing,100.0,,,https://www.arcgis.com/apps/dashboards/c8452a68e93545368192cea1e14ed4a7,9690df77-a564-4c40-9f42-d334a06b4705
Dutchess County Sheriff's Office UAS Unit,law_enforcement,,2,2026-08-10,2026-08-21,11,2,1.00,0.3,12.8,0.96,100.0,0.0,50.0,1,training_testing,50.0,,,https://www.arcgis.com/apps/dashboards/332a8432ca584035a71c69a08afb34d9,8d9f3dba-2ef3-46aa-a50e-44913a3181f6
Hennepin EMS,fire_ems,,2,2025-08-29,2025-08-29,368,1,2.00,0.1,2.7,0.01,100.0,0.0,100.0,1,training_testing,100.0,,,https://www.arcgis.com/apps/dashboards/65bd58e97fb44d15b05949d5b7ad6097,54d447e9-1aee-454d-ba14-1641a14e0fb2
Medicine Hat Police Service,law_enforcement,,2,2026-08-12,2026-08-12,20,1,2.00,0.5,20.1,0.33,0.0,0.0,0.0,0,blank_not_specified,100.0,,,https://www.arcgis.com/apps/dashboards/dc06dea91597478ea122684bdbffdb3d,5f6eee2b-3156-46eb-8650-92f374eea53c
Miami PD - Org,law_enforcement,,2,2025-09-18,2025-09-18,348,1,2.00,0.6,19.9,1.56,50.0,0.0,0.0,0,blank_not_specified,100.0,,,https://www.arcgis.com/apps/dashboards/bcb6529dfdff4a7093bc7feb91b435e0,1c96ce95-7718-4af0-bc1c-8a7cd71c2f2d
PSEG Long Island Power Authority,corporate_utility,,2,2026-05-27,2026-05-29,95,2,1.00,0.2,5.7,0.20,0.0,0.0,0.0,1,unclassified,100.0,,,https://www.arcgis.com/apps/dashboards/a97a09c800f44b08b4450be0a82af604,93fdbfe8-5264-4a33-8291-1c1b2d5831c9
Turner Construction Company,corporate_utility,,2,2024-12-01,2024-12-01,639,1,2.00,0.9,28.3,0.00,0.0,0.0,0.0,1,unclassified,100.0,,,https://www.arcgis.com/apps/dashboards/980c6bec15754d998e45b726e8eca6b9,e2fb8729-76e2-4c89-beea-14d2c8889196
AEP Gen Shared Services Engineering,corporate_utility,,1,2025-05-07,2025-05-07,482,1,1.00,0.2,11.0,0.10,0.0,0.0,0.0,0,blank_not_specified,100.0,,,https://www.arcgis.com/apps/dashboards/a1e7692c854140ffaaf2fbf165e9d3f4,7f26fd6b-5dde-4b2a-b92b-4f213d9fd393
"Azimuth, Inc.",corporate_utility,,1,2025-09-22,2025-09-22,344,1,1.00,0.5,28.5,0.23,0.0,0.0,0.0,0,blank_not_specified,100.0,,,https://www.arcgis.com/apps/dashboards/cf8880ca0f654cfeac6f2d402be880d8,09ffa344-ed6c-4dc7-846a-8e90da064e4e
Bellingham Police Department (WA),law_enforcement,WA,1,2026-08-19,2026-08-19,13,1,1.00,0.1,6.2,0.39,100.0,0.0,100.0,1,training_testing,100.0,,,https://www.arcgis.com/apps/dashboards/ac4bcc12e9e4420897665747e8c2c5d0,c3889327-20f3-4a8d-b183-3cb7e4987364
Birmingham Police Department (AL),law_enforcement,AL,1,2026-03-30,2026-03-30,155,1,1.00,0.4,22.8,0.16,100.0,0.0,0.0,0,blank_not_specified,100.0,,,https://www.arcgis.com/apps/dashboards/f3736746a3c9430d98cc8ca03ab5c53a,d6ee4782-f028-49c5-bab7-628cf42b4a2b
Columbus Police Department - OH,law_enforcement,,1,2025-11-19,2025-11-19,286,1,1.00,0.1,6.2,0.02,100.0,0.0,0.0,0,blank_not_specified,100.0,,,https://www.arcgis.com/apps/dashboards/be1daa5b5d4f486eaf15770cb0dd0bb1,7a86050d-f897-4ef7-8620-f3e6e8009b88
Dock Trial - Vancouver PD (WA),law_enforcement,WA,1,2025-08-26,2025-08-26,371,1,1.00,0.0,1.5,0.00,0.0,0.0,0.0,0,blank_not_specified,100.0,,,https://www.arcgis.com/apps/dashboards/e0f70ef9724b4d6c9f26261c51757310,488946cd-2a8e-4399-a684-1e692886faf1
Duquesne Light Company,corporate_utility,,1,2025-08-06,2025-08-06,391,1,1.00,0.1,5.8,0.09,0.0,0.0,0.0,1,unclassified,100.0,,,https://www.arcgis.com/apps/dashboards/9ae8824a0caf4b3dacbc3596122eb282,3fe861a4-69a5-41bf-81d1-011a5f37cc9d
El Cajon PD,law_enforcement,,1,2026-08-25,2026-08-25,7,1,1.00,0.2,13.6,0.08,100.0,0.0,0.0,1,call_for_service_general,100.0,,,https://www.arcgis.com/apps/dashboards/e82d5b26aff9427f88026be731055113,e29c2326-3bf0-4cc7-b547-8d6e267e359d
Fort Collins Police Services,law_enforcement,,1,2026-04-22,2026-04-22,132,1,1.00,0.1,8.1,0.00,0.0,100.0,0.0,1,unclassified,100.0,,,https://www.arcgis.com/apps/dashboards/2d104fe503674c2395e36fdacb4205fa,38400145-96fb-4e1b-997e-713a681cacb4
Granite Defense & Technologies NFR,corporate_utility,,1,2025-09-03,2025-09-03,363,1,1.00,0.4,22.9,0.01,0.0,0.0,0.0,1,unclassified,100.0,,,https://www.arcgis.com/apps/dashboards/50427cbddf194c359ca2ff1ac41d578f,9004d24c-0d81-412d-9884-7719844c216a
Lafayette Police Department (LA),law_enforcement,LA,1,2025-03-25,2025-03-25,525,1,1.00,0.3,19.5,0.23,0.0,0.0,0.0,1,unclassified,100.0,,,https://www.arcgis.com/apps/dashboards/652aee69f955462f9a788b4e60e6fa23,1d46b223-25aa-45b7-9480-d49ee6f10eab
Newmont Lihir Papua New Guinea,corporate_utility,,1,2026-07-19,2026-07-19,44,1,1.00,0.2,10.7,0.04,0.0,100.0,0.0,1,unclassified,100.0,,,https://www.arcgis.com/apps/dashboards/d30c85a1e8a74201a2825591eda0fed1,70f49e80-5e34-42ad-b907-8774b0ee474f
Trophy Club Police Department (TX),law_enforcement,TX,1,2026-07-23,2026-07-23,40,1,1.00,0.2,14.0,0.42,0.0,0.0,0.0,1,event_security,100.0,,,https://www.arcgis.com/apps/dashboards/b82c0141ee054a41ac56d9b9b36e393f,a0c6e7b3-6744-4d1d-8f15-ede6532d68f9
