agency,state,type,reported_flights,reported_hours,first_flight,last_flight,platforms,flights_per_platform,published_on_two_platforms,shown_on_site,hidden_because,page,agency_dashboards
Chula Vista Police,CA,law enforcement,24348,,2021-04-01,2026-09-02,AirData,AirData: 24348,,yes,,https://drones.ahdatalytics.com/agency/chula-vista-pd-ca,https://app.airdata.com/u/cvpd
Las Vegas Metropolitan Police Department,NV,law enforcement,22294,0,2025-09-03,2026-08-27,AirData + Skydio,AirData: 22293; Skydio: 3,2,yes,,https://drones.ahdatalytics.com/agency/las-vegas-metropolitan-pd,https://app.airdata.com/u/lvmpd | https://www.arcgis.com/apps/dashboards/70a0fe191f6d407e8044e416df7910b2
Cincinnati Police Department,OH,law enforcement,18258,3736,2025-03-19,2026-09-03,Skydio,Skydio: 18258,,yes,,https://drones.ahdatalytics.com/agency/cincinnati-pd,https://www.arcgis.com/apps/dashboards/49102a57e82a4755b015ea84dcd39b01
Elk Grove PD,CA,law enforcement,12553,2378,2023-01-01,2026-09-02,Flock Aerodome + AirData,Flock Aerodome: 10201; AirData: 2508,156,yes,,https://drones.ahdatalytics.com/agency/elk-grove-pd-ca,https://community.elk-grove.ca.us.aerodome.com/ | https://app.airdata.com/u/egpd
CSPD Real-Time Crime Center,CO,law enforcement,10450,1967,2025-09-21,2026-09-04,Skydio,Skydio: 10450,,yes,,https://drones.ahdatalytics.com/agency/cspd-real-time-crime-center,https://www.arcgis.com/apps/dashboards/77fe7c984946489aaf32ca7564667c0b
Redondo Beach Police Department,CA,law enforcement,10300,3233,2020-04-07,2026-08-28,Motorola CAPE + Flock Aerodome,Motorola CAPE: 5709; Flock Aerodome: 4591,,yes,,https://drones.ahdatalytics.com/agency/redondo-beach-pd-ca,https://www.aerial.motorolasolutions.com/transparency/redondobeachpd | https://community.rbpd.ca.us.aerodome.com/
Los Angeles Police Department,CA,law enforcement,9810,1994,2025-07-16,2026-09-02,Skydio + Flock Aerodome,Skydio: 9728; Flock Aerodome: 84,2,yes,,https://drones.ahdatalytics.com/agency/los-angeles-pd,https://cloud.skydio.com/dashboard/lapd | https://community.los-angeles.ca.us.aerodome.com/
San Francisco Police Department,CA,law enforcement,7481,2105,2024-05-16,2026-06-30,City open data,City open data: 7481,,yes,,https://drones.ahdatalytics.com/agency/sfpd,https://www.sanfranciscopolice.org/your-sfpd/explore-department/drones
Wichita Police Department,KS,law enforcement,6682,1705,2024-05-29,2026-09-03,Skydio,Skydio: 6682,,yes,,https://drones.ahdatalytics.com/agency/wichita-pd,https://cloud.skydio.com/dashboard/wichita
Montgomery County Police Department,MD,law enforcement,6019,1386,2023-11-06,2026-09-03,DroneSense + Skydio,DroneSense: 5756; Skydio: 450,187,yes,,https://drones.ahdatalytics.com/agency/montgomery-county-pd-g47-beta,https://dashboard.dronesense.com/MCPDDFR | https://www.arcgis.com/apps/dashboards/10da1489c7e441b99b824c1fc5faf0a9
Sacramento Police Department,CA,law enforcement,5915,,2019-10-17,2026-09-01,AirData,AirData: 5915,,yes,,https://drones.ahdatalytics.com/agency/sacramento-pd-ca,https://app.airdata.com/u/spduas
Azusa PD,CA,law enforcement,5394,2913,2023-12-18,2026-09-03,Flock Aerodome,Flock Aerodome: 5394,,yes,,https://drones.ahdatalytics.com/agency/azusa-pd-ca,https://community.azusa.ca.us.aerodome.com/
Aurora PD,CO,law enforcement,4975,1284,2025-08-12,2026-08-31,Flock Aerodome,Flock Aerodome: 4975,,yes,,https://drones.ahdatalytics.com/agency/aurora-pd-co,https://community.aurora.co.us.aerodome.com/
Alhambra PD,CA,law enforcement,4837,1218,2024-06-20,2026-09-04,Flock Aerodome,Flock Aerodome: 4837,,yes,,https://drones.ahdatalytics.com/agency/alhambra-pd-ca,https://community.alhambra.ca.us.aerodome.com/
Laredo Police Department,TX,law enforcement,4695,828,2026-01-30,2026-09-02,Skydio,Skydio: 4695,,yes,,https://drones.ahdatalytics.com/agency/laredo-pd,https://cloud.skydio.com/dashboard/laredopd
Hawthorne PD,CA,law enforcement,4450,1026,2024-04-15,2026-09-02,Flock Aerodome,Flock Aerodome: 4450,,yes,,https://drones.ahdatalytics.com/agency/hawthorne-pd-ca,https://community.hawthorne.ca.us.aerodome.com/
Philadelphia Police Department,PA,law enforcement,4422,895,2025-03-08,2026-09-03,Skydio,Skydio: 4422,,yes,,https://drones.ahdatalytics.com/agency/philadelphia-pd,https://www.arcgis.com/apps/dashboards/acc28d9c9fbd48c68d1059452bf2bb1c
Dearborn Police Department,MI,law enforcement,4217,667,2026-01-28,2026-09-02,Skydio,Skydio: 4217,,yes,,https://drones.ahdatalytics.com/agency/dearborn-pd-mi,https://www.arcgis.com/apps/dashboards/13937d18670e44d5a20a5a3821f01775
Aspen PD,CO,law enforcement,4146,11155,2023-11-15,2026-09-02,Flock Aerodome,Flock Aerodome: 4146,,yes,,https://drones.ahdatalytics.com/agency/aspen-pd-co,https://community.aspen.co.us.aerodome.com/
Milwaukee Police Department,WI,law enforcement,4130,879,2025-03-08,2026-08-23,Skydio,Skydio: 4130,,yes,,https://drones.ahdatalytics.com/agency/milwaukee-pd,https://cloud.skydio.com/dashboard/milwaukee
West Palm Beach Police Department,FL,law enforcement,3919,2,2024-03-29,2026-09-03,AirData + Skydio,AirData: 3912; Skydio: 46,39,yes,,https://drones.ahdatalytics.com/agency/west-palm-beach-pd,https://app.airdata.com/u/wpb | https://www.arcgis.com/apps/dashboards/92ead0d3c5c6434a8272625b91d3e40e
Brookhaven Police Department,GA,law enforcement,3281,565,2025-05-22,2026-09-03,Skydio + Motorola CAPE,Skydio: 3281; Motorola CAPE: 0,,yes,,https://drones.ahdatalytics.com/agency/brookhaven-pd,https://cloud.skydio.com/dashboard/brookhavenpd | https://www.aerial.motorolasolutions.com/transparency/brookhavenga
Mesa PD,AZ,law enforcement,3280,664,2025-01-30,2026-09-02,Flock Aerodome,Flock Aerodome: 3280,,yes,,https://drones.ahdatalytics.com/agency/mesa-pd-az,https://community.mesa.az.us.aerodome.com/
Irvine PD,CA,law enforcement,3276,,2025-01-01,2026-09-02,AirData,AirData: 3276,,yes,,https://drones.ahdatalytics.com/agency/irvine-pd-ca,https://app.airdata.com/u/irvinepd
Rochester Police Department - MN,MN,law enforcement,3111,511,2025-09-09,2026-08-13,Skydio,Skydio: 3111,,yes,,https://drones.ahdatalytics.com/agency/rochester-pd-mn,https://www.arcgis.com/apps/dashboards/fc2491c66ec9416aaab58eb84865d51b
Concord Police Department,CA,law enforcement,3106,558,2025-10-01,2026-09-03,Skydio,Skydio: 3106,,yes,,https://drones.ahdatalytics.com/agency/concord-pd-ca,https://cloud.skydio.com/dashboard/concordpd
Las Cruces PD,NM,law enforcement,2986,773,2026-01-15,2026-09-03,Flock Aerodome,Flock Aerodome: 2986,,yes,,https://drones.ahdatalytics.com/agency/las-cruces-pd-nm,https://community.las-cruces.nm.us.aerodome.com/
Brea Police Department,CA,law enforcement,2953,534,2024-05-22,2026-09-03,Motorola CAPE,Motorola CAPE: 2953,,yes,,https://drones.ahdatalytics.com/agency/brea-pd-ca,https://www.aerial.motorolasolutions.com/transparency/breapd-ca
Scottsdale PD,AZ,law enforcement,2936,765,2024-05-01,2026-06-26,Flock Aerodome,Flock Aerodome: 2936,,yes,,https://drones.ahdatalytics.com/agency/scottsdale-pd-az,https://community.scottsdale.az.us.aerodome.com/
Ventura County Sheriff Emergency Services,CA,law enforcement,2768,,2023-01-05,2026-08-30,AirData,AirData: 2768,,yes,,https://drones.ahdatalytics.com/agency/ventura-county-so-es-ca,https://app.airdata.com/u/vcsoes
Toledo PD,OH,law enforcement,2741,4916,2025-09-15,2026-09-02,Flock Aerodome,Flock Aerodome: 2741,,yes,,https://drones.ahdatalytics.com/agency/toledo-pd-oh,https://community.toledo.oh.us.aerodome.com/
Everett Police Department,WA,law enforcement,2614,546,2022-07-13,2026-09-02,Flock Aerodome + AirData + Skydio,Flock Aerodome: 2523; AirData: 82; Skydio: 10,1,yes,,https://drones.ahdatalytics.com/agency/everett-pd-wa,https://community.everett.wa.us.aerodome.com/ | https://app.airdata.com/u/everettpd | https://www.arcgis.com/apps/dashboards/698d0105df8e45f7906b57ea1e596465
Prosper PD,TX,law enforcement,2536,590,2025-02-11,2026-09-03,Flock Aerodome,Flock Aerodome: 2536,,yes,,https://drones.ahdatalytics.com/agency/prosper-pd-tx,https://community.prosper.tx.us.aerodome.com/
Greeley Police Department,CO,law enforcement,2351,429,2026-01-28,2026-09-04,Skydio,Skydio: 2351,,yes,,https://drones.ahdatalytics.com/agency/greeley-pd-co,https://www.arcgis.com/apps/dashboards/e6b0a17763154df2b33112c954ef6b0d
Anne Arundel County Police,MD,law enforcement,2289,,2025-07-02,2026-08-05,AirData,AirData: 2289,,yes,,https://drones.ahdatalytics.com/agency/anne-arundel-county-police-md,https://app.airdata.com/u/annearundelpd
South Bend PD,IN,law enforcement,2259,516,2026-01-08,2026-09-03,Flock Aerodome,Flock Aerodome: 2259,,yes,,https://drones.ahdatalytics.com/agency/south-bend-pd-in,https://community.south-bend.in.us.aerodome.com/
Coachella Valley RTIC,CA,corporate utility,2018,,2025-09-04,2026-09-03,AirData,AirData: 2018,,yes,,https://drones.ahdatalytics.com/agency/coachella-valley-rtic-ca,https://app.airdata.com/u/cvrtic
Brooklyn Park Police Department,MN,law enforcement,2006,394,2025-11-14,2026-08-31,Skydio,Skydio: 2006,,yes,,https://drones.ahdatalytics.com/agency/brooklyn-park-pd,https://www.arcgis.com/apps/dashboards/b230d35acc124c4080b591a99fc3b28d
Edinburg PD,TX,law enforcement,1939,427,2025-05-13,2026-09-04,Flock Aerodome,Flock Aerodome: 1939,,yes,,https://drones.ahdatalytics.com/agency/edinburg-pd-tx,https://community.edinburg.tx.us.aerodome.com/
Peoria PD,AZ,law enforcement,1935,381,2025-12-02,2026-09-03,Flock Aerodome,Flock Aerodome: 1935,,yes,,https://drones.ahdatalytics.com/agency/peoria-pd-az,https://community.peoria.az.us.aerodome.com/
Washoe County SO,NV,law enforcement,1923,508,2025-12-11,2026-09-03,Flock Aerodome,Flock Aerodome: 1923,,yes,,https://drones.ahdatalytics.com/agency/washoe-county-so-nv,https://community.washoe-county.nv.us.aerodome.com/
Perth Amboy,NJ,corporate utility,1907,517,2025-01-22,2026-09-02,Flock Aerodome,Flock Aerodome: 1907,,yes,,https://drones.ahdatalytics.com/agency/perth-amboy-nj,https://community.perth-amboy.nj.us.aerodome.com/
Denver Police Department,CO,law enforcement,1901,305,2025-10-06,2026-09-02,Skydio + Flock Aerodome,Skydio: 1843; Flock Aerodome: 58,,yes,,https://drones.ahdatalytics.com/agency/denver-pd,https://cloud.skydio.com/dashboard/denverpd | https://community.denver.co.us.aerodome.com/
Conyers PD,GA,law enforcement,1864,441,2025-09-25,2026-09-04,Flock Aerodome,Flock Aerodome: 1864,,yes,,https://drones.ahdatalytics.com/agency/conyers-pd-ga,https://community.conyers.ga.us.aerodome.com/
Chico Police Department,CA,law enforcement,1817,,2021-07-22,2026-08-26,AirData,AirData: 1817,,yes,,https://drones.ahdatalytics.com/agency/chico-pd-ca,https://app.airdata.com/u/chicopd
Schenectady City Police Department,NY,law enforcement,1783,430,2025-05-13,2026-09-01,BRINC,BRINC: 1783,,yes,,https://drones.ahdatalytics.com/agency/schenectady-pd-ny,https://dashboard.liveops.brincdrones.com/schenectadyny
Hemet Police Department,CA,law enforcement,1743,368,2025-09-26,2026-09-03,Flock Aerodome + Motorola CAPE,Flock Aerodome: 1743; Motorola CAPE: 0,,yes,,https://drones.ahdatalytics.com/agency/hemet-pd-ca,https://community.hemet.ca.us.aerodome.com/ | https://www.aerial.motorolasolutions.com/transparency/hemetpd-ca
Santa Ana Police Department,CA,law enforcement,1722,270,2026-05-21,2026-09-03,Skydio,Skydio: 1722,,yes,,https://drones.ahdatalytics.com/agency/santa-ana-pd-ca,https://www.arcgis.com/apps/dashboards/2a9b8236a99245dd99899b96495326fe
Lancaster Police Department,CA,law enforcement,1647,,2024-08-15,2026-08-25,AirData,AirData: 1647,,yes,,https://drones.ahdatalytics.com/agency/lancaster-pd-ca,https://app.airdata.com/u/lpdviper
Snohomish County Sheriff's Office,WA,law enforcement,1647,,2024-01-09,2026-09-01,AirData,AirData: 1647,,yes,,https://drones.ahdatalytics.com/agency/snohomish-county-so-wa,https://app.airdata.com/u/scso
South San Francisco Police Department,CA,law enforcement,1642,320,2025-10-06,2026-09-02,Skydio,Skydio: 1642,,yes,,https://drones.ahdatalytics.com/agency/south-san-francisco-pd-ca,https://www.arcgis.com/apps/dashboards/c62d7fea1f524f2ebe9f10ff5569e0c8
Dekalb County PD,GA,law enforcement,1586,437,2025-12-03,2026-09-03,Flock Aerodome,Flock Aerodome: 1586,,yes,,https://drones.ahdatalytics.com/agency/dekalb-county-pd-ga,https://community.dekalb.ga.us.aerodome.com/
Oak Brook PD,IL,law enforcement,1558,284,2025-05-20,2026-09-02,Flock Aerodome,Flock Aerodome: 1558,,yes,,https://drones.ahdatalytics.com/agency/oak-brook-pd-il,https://community.oak-brook.il.us.aerodome.com/
St. Paul Police Department,MN,law enforcement,1537,281,2026-06-01,2026-09-03,Skydio,Skydio: 1537,,yes,,https://drones.ahdatalytics.com/agency/st-paul-pd-mn,https://cloud.skydio.com/dashboard/sppd
Humble PD,TX,law enforcement,1420,331,2025-05-09,2026-09-01,Flock Aerodome,Flock Aerodome: 1420,,yes,,https://drones.ahdatalytics.com/agency/humble-pd-tx,https://community.humble.tx.us.aerodome.com/
Castle Rock PD,CO,law enforcement,1384,332,2025-07-31,2026-09-02,Flock Aerodome,Flock Aerodome: 1384,,yes,,https://drones.ahdatalytics.com/agency/castle-rock-pd-co,https://community.castle-rock.co.us.aerodome.com/
Mooresville PD,NC,law enforcement,1378,789,2025-04-23,2026-09-04,Flock Aerodome,Flock Aerodome: 1378,,yes,,https://drones.ahdatalytics.com/agency/mooresville-pd-nc,https://community.mooresville.nc.us.aerodome.com/
Riverside County SO,CA,law enforcement,1340,305,2025-10-16,2026-09-04,Flock Aerodome,Flock Aerodome: 1340,,yes,,https://drones.ahdatalytics.com/agency/riverside-county-so-ca,https://community.riverside-county.ca.us.aerodome.com/
El Segundo PD,CA,law enforcement,1298,230,2025-04-01,2026-09-02,Flock Aerodome,Flock Aerodome: 1298,,yes,,https://drones.ahdatalytics.com/agency/el-segundo-pd-ca,https://community.el-segundo.ca.us.aerodome.com/
Clovis Police Department,CA,law enforcement,1288,272,2023-03-02,2026-08-29,BRINC,BRINC: 1288,,yes,,https://drones.ahdatalytics.com/agency/clovis-pd-ca,https://dashboard.liveops.brincdrones.com/clovisca
Hamilton County SO,IN,law enforcement,1281,243,2025-09-29,2026-09-03,Flock Aerodome,Flock Aerodome: 1281,,yes,,https://drones.ahdatalytics.com/agency/hamilton-county-so-in,https://community.hamilton.in.us.aerodome.com/
Caldwell Police Department,ID,law enforcement,1279,217,2026-01-07,2026-09-03,Skydio,Skydio: 1279,,yes,,https://drones.ahdatalytics.com/agency/caldwell-pd-id,https://www.arcgis.com/apps/dashboards/62c4003416fb4c52ad4e03766e9ad32a
San Rafael PD,CA,law enforcement,1262,231,2025-10-29,2026-09-03,Flock Aerodome,Flock Aerodome: 1262,,yes,,https://drones.ahdatalytics.com/agency/san-rafael-pd-ca,https://community.san-rafael.ca.us.aerodome.com/
Hempstead PD,NY,law enforcement,1246,356,2025-06-12,2026-09-03,Flock Aerodome,Flock Aerodome: 1246,,yes,,https://drones.ahdatalytics.com/agency/hempstead-pd-ny,https://community.hempstead.ny.us.aerodome.com/
Minnetonka Police Department,MN,law enforcement,1239,243,2025-02-13,2026-09-04,Skydio,Skydio: 1239,,yes,,https://drones.ahdatalytics.com/agency/minnetonka-pd,https://www.arcgis.com/apps/dashboards/864a017ece0f4aa898e0026032f8ce92
Arvada Police Department,CO,law enforcement,1208,209,2026-05-22,2026-09-03,Skydio,Skydio: 1208,,yes,,https://drones.ahdatalytics.com/agency/arvada-pd-co,https://www.arcgis.com/apps/dashboards/b7c9dafc9f1047f4af6f3df05a7fae2e
Midwest City PD,OK,law enforcement,1194,289,2025-12-18,2026-09-03,Flock Aerodome,Flock Aerodome: 1194,,yes,,https://drones.ahdatalytics.com/agency/midwest-city-pd-ok,https://community.midwest.ok.us.aerodome.com/
Town of Ramapo Police Department,NY,law enforcement,1173,185,2026-03-31,2026-09-03,Skydio,Skydio: 1173,,yes,,https://drones.ahdatalytics.com/agency/town-of-ramapo-pd,https://www.arcgis.com/apps/dashboards/91bfbf2aaa034122810ad9120c1213b9
Mansfield TX PD,TX,law enforcement,1107,248,2025-12-05,2026-09-02,Flock Aerodome,Flock Aerodome: 1107,,yes,,https://drones.ahdatalytics.com/agency/mansfield-tx-pd-tx,https://community.mansfield.tx.us.aerodome.com/
Dunwoody PD,GA,law enforcement,1089,195,2024-10-31,2026-09-02,Flock Aerodome,Flock Aerodome: 1089,,yes,,https://drones.ahdatalytics.com/agency/dunwoody-pd-ga,https://community.dunwoody.ga.us.aerodome.com/
St. Cloud Police Department,FL,law enforcement,1070,215,2025-02-09,2026-09-03,Skydio,Skydio: 1070,,yes,,https://drones.ahdatalytics.com/agency/st-cloud-pd,https://www.arcgis.com/apps/dashboards/a72c3583084241528c5dc488d59892ba
Lewisville Police Department DFR,TX,law enforcement,987,170,2026-02-26,2026-08-01,Skydio,Skydio: 987,,yes,,https://drones.ahdatalytics.com/agency/lewisville-pd-dfr-tx,https://www.arcgis.com/apps/dashboards/f93f7ce5e9f447ce8fdb8593dd11442d
Los Angeles Port Police,CA,law enforcement,936,,2025-06-05,2026-08-31,AirData,AirData: 936,,yes,,https://drones.ahdatalytics.com/agency/la-port-police-ca,https://app.airdata.com/u/lapp
Buena Park PD,CA,law enforcement,931,209,2025-12-15,2026-09-03,Flock Aerodome,Flock Aerodome: 931,,yes,,https://drones.ahdatalytics.com/agency/buena-park-pd-ca,https://community.buena-park.ca.us.aerodome.com/
Bloomington Police Department,IL,law enforcement,888,132,2025-01-05,2026-09-02,Self-published (ArcGIS) + Skydio,Self-published (ArcGIS): 458; Skydio: 430,,yes,,https://drones.ahdatalytics.com/agency/bloomington-pd-il,https://services3.arcgis.com/8EQ1HhogM827boPC/arcgis/rest/services/Police_Drone_Flights/FeatureServer/0 | https://www.arcgis.com/apps/dashboards/cc7f3e1ceb9d4e79a05d6e9f5e1ebe6b
Oswego County Emergency Management,NY,corporate utility,874,166,2022-12-22,2026-09-04,DroneSense,DroneSense: 874,,yes,,https://drones.ahdatalytics.com/agency/oswego-county-em-ny,https://dashboard.dronesense.com/oswegocountyuas
Casa Grande PD,AZ,law enforcement,869,238,2026-02-11,2026-09-02,Flock Aerodome,Flock Aerodome: 869,,yes,,https://drones.ahdatalytics.com/agency/casa-grande-pd-az,https://community.casa-grande.az.us.aerodome.com/
Durango Police Department,CO,law enforcement,859,162,2026-05-28,2026-09-02,Skydio + Flock Aerodome,Skydio: 859; Flock Aerodome: 0,,yes,,https://drones.ahdatalytics.com/agency/durango-pd-co,https://www.arcgis.com/apps/dashboards/e9e298e4ce57474c96908c82dfe2c8d8 | https://community.durango.co.us.aerodome.com/
Campbell Police Department,CA,law enforcement,851,216,2022-10-12,2026-09-03,DroneSense,DroneSense: 851,,yes,,https://drones.ahdatalytics.com/agency/campbell-pd-ca-ds,https://dashboard.dronesense.com/campbellpddfr
Southern Illinois University PD,IL,university,850,175,2025-07-31,2026-09-03,Flock Aerodome,Flock Aerodome: 850,,yes,,https://drones.ahdatalytics.com/agency/southern-illinois-university-pd-il,https://community.southern-illinois-university.il.us.aerodome.com/
Duluth Police Department,MN,law enforcement,822,128,2025-12-16,2026-09-03,Skydio,Skydio: 822,,yes,,https://drones.ahdatalytics.com/agency/duluth-pd-mn,https://www.arcgis.com/apps/dashboards/c916825c24e04d3bbd226e8e5aeb56c5
Roanoke PD,TX,law enforcement,764,144,2025-10-28,2026-09-03,Flock Aerodome,Flock Aerodome: 764,,yes,,https://drones.ahdatalytics.com/agency/roanoke-pd-tx,https://community.roanoke.tx.us.aerodome.com/
Vanderbilt University Police Department,TN,law enforcement,753,92,2026-04-21,2026-08-30,Skydio,Skydio: 753,,yes,,https://drones.ahdatalytics.com/agency/vanderbilt-university-pd,https://www.arcgis.com/apps/dashboards/a8cd850f37644d7ca7d50dde2ab9733a
Elizabethtown PD,KY,law enforcement,747,152,2026-02-12,2026-09-03,Flock Aerodome,Flock Aerodome: 747,,yes,,https://drones.ahdatalytics.com/agency/elizabethtown-pd-ky,https://community.elizabethtown.ky.us.aerodome.com/
Cottonwood PD,AZ,law enforcement,729,238,2025-12-11,2026-08-31,Flock Aerodome,Flock Aerodome: 729,,yes,,https://drones.ahdatalytics.com/agency/cottonwood-pd-az,https://community.cottonwood.az.us.aerodome.com/
San Angelo TX PD,TX,law enforcement,718,154,2026-04-30,2026-09-03,Flock Aerodome,Flock Aerodome: 718,,yes,,https://drones.ahdatalytics.com/agency/san-angelo-tx-pd-tx,https://community.san-angelo.tx.us.aerodome.com/
Santa Clara County Sheriff's Office,CA,law enforcement,698,182,2024-12-09,2026-07-27,Skydio,Skydio: 698,,yes,,https://drones.ahdatalytics.com/agency/santa-clara-county-so,https://www.arcgis.com/apps/dashboards/06fa738e00f84de6a9fa587a01ab159e
Harvey PD,IL,law enforcement,693,135,2025-10-08,2026-09-03,Flock Aerodome,Flock Aerodome: 693,,yes,,https://drones.ahdatalytics.com/agency/harvey-pd-il,https://community.harvey.il.us.aerodome.com/
Bothell Police,WA,law enforcement,672,,2021-09-23,2026-08-11,AirData,AirData: 672,,yes,,https://drones.ahdatalytics.com/agency/bothell-pd-wa,https://app.airdata.com/u/bothellpd
Farmers Branch PD,TX,law enforcement,667,161,2026-02-05,2026-09-02,Flock Aerodome,Flock Aerodome: 667,,yes,,https://drones.ahdatalytics.com/agency/farmers-branch-pd-tx,https://community.farmers-branch.tx.us.aerodome.com/
Cobb County Police Department,GA,law enforcement,653,102,2025-11-06,2026-09-03,Skydio + Flock Aerodome,Skydio: 653; Flock Aerodome: 0,,yes,,https://drones.ahdatalytics.com/agency/cobb-county-pd,https://www.arcgis.com/apps/dashboards/b8e5c097e1bb44c7bd3912fb79037cba | https://community.cobb-county.ga.us.aerodome.com/
Alameda County SO,CA,law enforcement,646,148,2025-09-01,2026-09-04,Flock Aerodome,Flock Aerodome: 646,,yes,,https://drones.ahdatalytics.com/agency/alameda-county-so-ca,https://community.alameda-county.ca.us.aerodome.com/
Fort Worth PD,TX,law enforcement,617,157,2025-10-14,2026-09-01,Flock Aerodome,Flock Aerodome: 617,,yes,,https://drones.ahdatalytics.com/agency/fort-worth-pd-tx,https://community.fort-worth.tx.us.aerodome.com/
Tampa Police Department,FL,law enforcement,593,129,2026-01-03,2026-08-20,Skydio,Skydio: 593,,yes,,https://drones.ahdatalytics.com/agency/tampa-pd,https://cloud.skydio.com/dashboard/tampa
Suisun City PD,CA,law enforcement,554,105,2025-11-17,2026-08-25,Flock Aerodome,Flock Aerodome: 554,,yes,,https://drones.ahdatalytics.com/agency/suisun-city-pd-ca,https://community.suisun-city.ca.us.aerodome.com/
City of Mankato,MN,corporate utility,512,,2022-07-18,2026-08-26,AirData,AirData: 512,,yes,,https://drones.ahdatalytics.com/agency/mankato-mn,https://app.airdata.com/u/mankato
Colony PD,TX,law enforcement,482,119,2026-03-05,2026-09-03,Flock Aerodome,Flock Aerodome: 482,,yes,,https://drones.ahdatalytics.com/agency/colony-pd-tx,https://community.colony.tx.us.aerodome.com/
Lee County Government,TX,government other,461,96,2024-04-04,2026-08-03,Skydio,Skydio: 461,,yes,,https://drones.ahdatalytics.com/agency/lee-county-government,https://www.arcgis.com/apps/dashboards/efe67bb8531c4907b4b355403485e2fc
Los Altos Police Department,CA,law enforcement,445,72,2025-04-08,2026-08-31,Skydio + AirData,Skydio: 395; AirData: 50,,yes,,https://drones.ahdatalytics.com/agency/los-altos-pd-ca,https://www.arcgis.com/apps/dashboards/555d9b93a2824197becd4066013775ea | https://app.airdata.com/u/losaltospd
Belmont Police Department,CA,law enforcement,438,99,2025-03-27,2026-08-21,Skydio,Skydio: 438,,yes,,https://drones.ahdatalytics.com/agency/belmont-pd,https://www.arcgis.com/apps/dashboards/32ec77cf9c7346cbba65b8c3830142a2
Detroit Fire Department,MI,fire ems,435,101,2024-02-04,2026-03-09,Skydio,Skydio: 435,,yes,,https://drones.ahdatalytics.com/agency/detroit-fire-department,https://www.arcgis.com/apps/dashboards/00013c28bfd349089a62f87b1cab5fd2
King County Sheriff's Office,WA,law enforcement,433,,2025-12-02,2026-08-31,AirData,AirData: 433,,yes,,https://drones.ahdatalytics.com/agency/king-county-so-wa,https://app.airdata.com/u/kcso
Telluride,CO,corporate utility,430,262,2025-03-17,2026-08-31,Flock Aerodome,Flock Aerodome: 430,,yes,,https://drones.ahdatalytics.com/agency/telluride-co,https://community.telluride.co.us.aerodome.com/
Arlington Police Department,TX,law enforcement,426,98,2025-02-06,2026-09-04,DroneSense,DroneSense: 426,,yes,,https://drones.ahdatalytics.com/agency/arlington-pd-tx-ds,https://dashboard.dronesense.com/arpdtx
Galveston PD,TX,law enforcement,410,130,2026-02-04,2026-09-03,Flock Aerodome,Flock Aerodome: 410,,yes,,https://drones.ahdatalytics.com/agency/galveston-pd-tx,https://community.galveston.tx.us.aerodome.com/
Temple PD,TX,law enforcement,403,98,2026-03-27,2026-09-03,Flock Aerodome,Flock Aerodome: 403,,yes,,https://drones.ahdatalytics.com/agency/temple-pd-tx,https://community.temple.tx.us.aerodome.com/
Gilbert PD,AZ,law enforcement,396,100,2025-11-19,2026-01-16,Flock Aerodome,Flock Aerodome: 396,,yes,,https://drones.ahdatalytics.com/agency/gilbert-pd-az,https://community.gilbert.az.us.aerodome.com/
Metropolitan Nashville Police Department,TN,law enforcement,395,95,2026-05-26,2026-08-07,Skydio,Skydio: 395,,yes,,https://drones.ahdatalytics.com/agency/metropolitan-nashville-pd-tn,https://www.arcgis.com/apps/dashboards/a190b98bd45c40bd9c35cc054a004f49
Mmozol,CO,corporate utility,376,6094,2023-11-17,2026-08-27,Flock Aerodome,Flock Aerodome: 376,,yes,,https://drones.ahdatalytics.com/agency/mmozol-co,https://community.vail.co.us.aerodome.com/
Conroe Police Department,TX,law enforcement,370,75,2026-05-11,2026-09-02,Skydio,Skydio: 370,,yes,,https://drones.ahdatalytics.com/agency/conroe-pd,https://cloud.skydio.com/dashboard/conroepd
Menifee Police Department,CA,law enforcement,351,68,2025-11-21,2026-09-02,Skydio,Skydio: 351,,yes,,https://drones.ahdatalytics.com/agency/menifee-pd,https://www.arcgis.com/apps/dashboards/a6e459fbc6194f17ac08084aec34e603
Copper Mountain PD,CO,law enforcement,344,5847,2024-09-16,2026-08-25,Flock Aerodome,Flock Aerodome: 344,,yes,,https://drones.ahdatalytics.com/agency/copper-mountain-pd-co,https://community.copper.co.us.aerodome.com/
Scott County Sheriff's Office,IA,law enforcement,333,,2019-05-03,2026-09-01,Self-published (ArcGIS),Self-published (ArcGIS): 333,,yes,,https://drones.ahdatalytics.com/agency/scott-county-so-ia,https://services.arcgis.com/ovln19YRWV44nBqV/arcgis/rest/services/SC_Drone_Flights/FeatureServer/0
Laurel Police Department UAS Flight Data,MD,law enforcement,326,58,2026-07-02,2026-09-03,Skydio,Skydio: 326,,yes,,https://drones.ahdatalytics.com/agency/laurel-pd-uas-flight-data,https://www.arcgis.com/apps/dashboards/f9e4f009b02b43628e8d259acbe14a68
Fulton County SO,GA,law enforcement,322,82,2026-02-06,2026-08-31,Flock Aerodome,Flock Aerodome: 322,,yes,,https://drones.ahdatalytics.com/agency/fulton-county-so-ga,https://community.fulton-county.ga.us.aerodome.com/
Glendale Police Department - Trial,CA,law enforcement,315,59,2026-02-10,2026-03-05,Skydio,Skydio: 315,,yes,,https://drones.ahdatalytics.com/agency/glendale-pd-trial-ca,https://www.arcgis.com/apps/dashboards/45470a6e60354b068d1ddb6076fcc26c
Overland Park Police Department,KS,law enforcement,303,66,2026-05-12,2026-09-03,Skydio,Skydio: 303,,yes,,https://drones.ahdatalytics.com/agency/overland-park-pd-ks,https://www.arcgis.com/apps/dashboards/046b94ec93f84a599e69d5f1b1b01eb1
New Orleans Police Department,LA,law enforcement,297,101,2026-01-13,2026-06-28,Skydio,Skydio: 297,,yes,,https://drones.ahdatalytics.com/agency/new-orleans-pd,https://cloud.skydio.com/dashboard/nopd
Georgia Tech PD,GA,university,293,57,2025-11-24,2026-09-02,Flock Aerodome,Flock Aerodome: 293,,yes,,https://drones.ahdatalytics.com/agency/georgia-tech-pd-ga,https://community.georgia-tech.ga.us.aerodome.com/
Chesterfield County Police Department,VA,law enforcement,272,41,2026-07-15,2026-09-03,Skydio,Skydio: 272,,yes,,https://drones.ahdatalytics.com/agency/chesterfield-county-pd-va,https://cloud.skydio.com/dashboard/chesterfieldpublicsafety
Medford Police Department,OR,law enforcement,265,,2022-09-16,2026-07-30,Self-published (ArcGIS),Self-published (ArcGIS): 265,,yes,,https://drones.ahdatalytics.com/agency/medford-pd-or,https://www.arcgis.com/apps/dashboards/ebd0652bbefd420ea390974eb0a0047a
Show Low PD,AZ,law enforcement,263,77,2026-03-19,2026-09-02,Flock Aerodome,Flock Aerodome: 263,,yes,,https://drones.ahdatalytics.com/agency/show-low-pd-az,https://community.show-low.az.us.aerodome.com/
University of Illinois Division of Public Safety,IL,university,253,32,2026-05-14,2026-09-03,Skydio,Skydio: 253,,yes,,https://drones.ahdatalytics.com/agency/university-of-illinois-division-of-public-safety,https://www.arcgis.com/apps/dashboards/d4a3d2851dba46149858ce525b941b90
Cleveland Division of Police,OH,law enforcement,248,79,2024-11-24,2026-08-30,Skydio,Skydio: 248,,yes,,https://drones.ahdatalytics.com/agency/cleveland-division-of-police,https://cloud.skydio.com/dashboard/clevelandpolice
Monroe County Sheriff's Office,NY,law enforcement,247,43,2026-03-09,2026-08-28,Skydio,Skydio: 247,,yes,,https://drones.ahdatalytics.com/agency/monroe-county-so,https://www.arcgis.com/apps/dashboards/57633537efa44d2eb774f49ef3c2bf59
Westmont PD,IL,law enforcement,247,,2023-07-04,2026-08-25,AirData,AirData: 247,,yes,,https://drones.ahdatalytics.com/agency/westmont-pd-il,https://app.airdata.com/u/vwpd
Melrose PARK Police Department,IL,law enforcement,227,35,2026-05-01,2026-09-02,Skydio,Skydio: 227,,yes,,https://drones.ahdatalytics.com/agency/melrose-park-pd-il,https://www.arcgis.com/apps/dashboards/e0d00aa615684f678bdd7cda8cf29083
Sansom Park PD,TX,law enforcement,222,58,2025-08-19,2026-09-04,Flock Aerodome,Flock Aerodome: 222,,yes,,https://drones.ahdatalytics.com/agency/sansom-park-pd-tx,https://community.sansom-park.tx.us.aerodome.com/
Palm Springs Police Department,CA,law enforcement,200,52,2025-05-17,2025-11-25,DroneSense,DroneSense: 200,,yes,,https://drones.ahdatalytics.com/agency/palm-springs-pd-ca,https://dashboard.dronesense.com/PSPDDFR
Calcasieu Parish Sheriff's Office,LA,law enforcement,183,42,2025-11-14,2026-07-22,Skydio,Skydio: 183,,yes,,https://drones.ahdatalytics.com/agency/calcasieu-parish-so,https://cloud.skydio.com/dashboard/cpso
Killeen Police Department,TX,law enforcement,182,35,2026-03-24,2026-09-03,Skydio,Skydio: 182,,yes,,https://drones.ahdatalytics.com/agency/killeen-pd-tx,https://www.arcgis.com/apps/dashboards/71bd05b0f73341c5a8caaa6ef84c4b1f
Milford Police Department,CT,law enforcement,141,29,2025-07-04,2026-03-24,Skydio,Skydio: 141,,yes,,https://drones.ahdatalytics.com/agency/milford-pd,https://www.arcgis.com/apps/dashboards/0ed27de487774b9eb6b7fd249f91ef65
Southington PD,CT,law enforcement,136,30,2026-05-13,2026-09-03,Flock Aerodome,Flock Aerodome: 136,,yes,,https://drones.ahdatalytics.com/agency/southington-pd-ct,https://community.southington.ct.us.aerodome.com/
Roselle Police Department,IL,law enforcement,133,111,2023-06-21,2026-06-15,Self-published (ArcGIS),Self-published (ArcGIS): 133,,yes,,https://drones.ahdatalytics.com/agency/roselle-pd-il,https://www.arcgis.com/apps/dashboards/4850e50ec6a24f20bad3bf18c387e09b
Yuma Police Department,AZ,law enforcement,128,258,2024-11-26,2026-08-18,Self-published (ArcGIS),Self-published (ArcGIS): 128,,yes,,https://drones.ahdatalytics.com/agency/yuma-pd-az,https://services1.arcgis.com/tzW2OKwR84ufoH3y/arcgis/rest/services/City_of_Yuma_Drone_Flights_2_view/FeatureServer/0
Fremont Police and Fire,CA,fire ems,123,23,2024-06-03,2025-06-15,DroneSense,DroneSense: 123,,yes,,https://drones.ahdatalytics.com/agency/fremont-public-safety-ca,https://dashboard.dronesense.com/fremontpublicsafetydfr
Dutchess County Sheriff's Office UAS Unit,NY,law enforcement,122,25,2025-05-20,2026-08-26,Flock Aerodome + Skydio,Flock Aerodome: 115; Skydio: 7,,yes,,https://drones.ahdatalytics.com/agency/dutchess-county-so-uas-unit,https://community.dutchess.ny.us.aerodome.com/ | https://www.arcgis.com/apps/dashboards/332a8432ca584035a71c69a08afb34d9
University of Arizona - Real Time Coordination Center,AZ,university,121,27,2026-03-09,2026-04-04,Skydio,Skydio: 121,,yes,,https://drones.ahdatalytics.com/agency/university-of-arizona-real-time-coordination-center,https://www.arcgis.com/apps/dashboards/8946d06a91434fc6898da9bafbdfd953
Berkeley PD,IL,law enforcement,120,22,2025-12-30,2026-09-02,Flock Aerodome,Flock Aerodome: 120,,yes,,https://drones.ahdatalytics.com/agency/berkeley-pd-il,https://community.berkeley.il.us.aerodome.com/
Hollywood Police Department,FL,law enforcement,107,19,2024-11-22,2026-04-23,Skydio,Skydio: 107,,yes,,https://drones.ahdatalytics.com/agency/hollywood-pd,https://www.arcgis.com/apps/dashboards/bc2e1abd9acb4917b48fc189f26239aa
Metropolitan Police Department,OK,law enforcement,100,18,2024-09-23,2026-05-26,Skydio,Skydio: 100,,yes,,https://drones.ahdatalytics.com/agency/metropolitan-pd,https://www.arcgis.com/apps/dashboards/f9cf6e64c7c246a68596da24f904e47f
Pacifica Police Department Drone Transparency Portal,CA,law enforcement,97,19,2025-11-17,2026-08-31,Skydio,Skydio: 97,,yes,,https://drones.ahdatalytics.com/agency/pacifica-pd-drone-transparency-portal-ca,https://www.arcgis.com/apps/dashboards/5866d865778a41a0bb200e9131070fc2
Fitchburg Police Department,WI,law enforcement,94,12,2026-07-13,2026-07-17,Skydio,Skydio: 94,,yes,,https://drones.ahdatalytics.com/agency/fitchburg-pd-wi,https://www.arcgis.com/apps/dashboards/0249cfdd63684f5a81dd5c33b710a464
Glendale Police Department,AZ,law enforcement,83,6,2021-03-31,2022-06-29,Motorola CAPE,Motorola CAPE: 83,,yes,,https://drones.ahdatalytics.com/agency/glendale-pd-az,https://www.aerial.motorolasolutions.com/transparency/glendaleaz
Steamboat PD,CO,law enforcement,81,12,2025-09-15,2026-07-27,Flock Aerodome,Flock Aerodome: 81,,yes,,https://drones.ahdatalytics.com/agency/steamboat-pd-co,https://community.steamboat.co.us.aerodome.com/
Watchung Police Department,NJ,law enforcement,76,13,2025-05-06,2026-05-30,Skydio,Skydio: 76,,yes,,https://drones.ahdatalytics.com/agency/watchung-pd,https://www.arcgis.com/apps/dashboards/dfb49fccd26940159ad80ab2e7ee8dd6
Tulsa Fire Department,OK,fire ems,66,17,2025-09-12,2026-08-27,Skydio,Skydio: 66,,yes,,https://drones.ahdatalytics.com/agency/tulsa-fire-department,https://cloud.skydio.com/dashboard/tulsafire
Elm Ridge PD,TX,law enforcement,64,16,2026-03-02,2026-09-03,Flock Aerodome,Flock Aerodome: 64,,yes,,https://drones.ahdatalytics.com/agency/elm-ridge-pd-tx,https://community.elm-ridge.tx.us.aerodome.com/
Paradise Police Department,CA,law enforcement,52,3,2024-02-22,2026-09-02,AirData + BRINC,AirData: 26; BRINC: 26,,yes,,https://drones.ahdatalytics.com/agency/paradise-pd-ca-brinc,https://app.airdata.com/u/ppd | https://dashboard.liveops.brincdrones.com/paradisepdca
Crubier,,corporate utility,51,14,2024-04-11,2026-01-18,Skydio,Skydio: 51,,yes,,https://drones.ahdatalytics.com/agency/crubier,https://www.arcgis.com/apps/dashboards/ea32f26fbba4458c9dcd12bdaceda7a9
Axon Air PSM,OK,vendor partner,40,7,2025-03-12,2026-07-01,Skydio,Skydio: 40,,yes,,https://drones.ahdatalytics.com/agency/axon-air-psm,https://www.arcgis.com/apps/dashboards/490bbd4e23aa4d2683c48a53b2a38e6d
Fairfax County Police Department,VA,law enforcement,38,8,2026-03-19,2026-07-28,Skydio,Skydio: 38,,yes,,https://drones.ahdatalytics.com/agency/fairfax-county-pd,https://www.arcgis.com/apps/dashboards/c47a7c0ff6d5465884f182588bd2a15f
CSU Long Beach Police Department,CA,law enforcement,37,10,2026-05-17,2026-05-21,Skydio,Skydio: 37,,yes,,https://drones.ahdatalytics.com/agency/csu-long-beach-pd,https://www.arcgis.com/apps/dashboards/4fc07c3ce464428d98bdc9cc449c8454
Oklahoma City Police Department,OK,law enforcement,37,5,2024-11-16,2025-02-04,Skydio,Skydio: 37,,yes,,https://drones.ahdatalytics.com/agency/oklahoma-city-pd,https://www.arcgis.com/apps/dashboards/c7a3fac3b8024e2098e8d98aede302b5
Upper Arlington Police Division,OH,law enforcement,37,7,2026-05-30,2026-08-27,Skydio,Skydio: 37,,yes,,https://drones.ahdatalytics.com/agency/upper-arlington-police-division-oh,https://www.arcgis.com/apps/dashboards/f5ea9137103a48d78bb5f2504d2a9d6e
Virginia Beach Police Department,VA,law enforcement,37,7,2026-07-04,2026-08-29,Skydio,Skydio: 37,,yes,,https://drones.ahdatalytics.com/agency/virginia-beach-pd,https://cloud.skydio.com/dashboard/vbpd
Axon,KS,vendor partner,36,7,2024-10-23,2026-05-07,Skydio,Skydio: 36,,yes,,https://drones.ahdatalytics.com/agency/axon,https://www.arcgis.com/apps/dashboards/c7819204066a4f71af6a5463be0f8b30
Gerrittsen Beach Fire Department,NY,fire ems,35,7,2025-06-05,2026-06-21,Skydio,Skydio: 35,,yes,,https://drones.ahdatalytics.com/agency/gerrittsen-beach-fire-department,https://www.arcgis.com/apps/dashboards/5feb59dab107420f9e040fecca5a41d2
Tennessee Department of Transportation (TDOT),TN,corporate utility,33,9,2024-09-20,2024-12-11,Skydio,Skydio: 33,,yes,,https://drones.ahdatalytics.com/agency/tennessee-department-of-transportation-tdot,https://www.arcgis.com/apps/dashboards/59e75c20358a47759f3ef694bc438f50
Chiefland Police Department,FL,law enforcement,29,4,2026-03-06,2026-07-08,Skydio,Skydio: 29,,yes,,https://drones.ahdatalytics.com/agency/chiefland-pd-fl,https://www.arcgis.com/apps/dashboards/cd48d90615b748d9ad10b51f6e30b0bd
Niles Police Department,IL,law enforcement,29,6,2026-07-04,2026-08-25,Skydio,Skydio: 29,,yes,,https://drones.ahdatalytics.com/agency/niles-pd-il,https://www.arcgis.com/apps/dashboards/46325aa313e94f36864c2afb254fa69c
Australian Federal Police Drone Flights for Missing Person (Sharon Granites),,law enforcement,28,8,2026-04-26,2026-04-30,Skydio,Skydio: 28,,yes,,https://drones.ahdatalytics.com/agency/australian-federal-police-drone-flights-for-missing-person-sharon-granites,https://www.arcgis.com/apps/dashboards/fc5e3073f45f480e8a96e7a896861700
Gray Fire Rescue,ME,fire ems,27,5,2025-05-27,2026-06-30,Skydio,Skydio: 27,,yes,,https://drones.ahdatalytics.com/agency/gray-fire-rescue,https://www.arcgis.com/apps/dashboards/5a75354712194028989ec53180676b56
Dallas Police Department,TX,law enforcement,26,2,2026-05-20,2026-08-12,Skydio,Skydio: 26,,yes,,https://drones.ahdatalytics.com/agency/dallas-pd,https://www.arcgis.com/apps/dashboards/50131d633d314eef8408f834f22c19b3
Norton Police Department,OH,law enforcement,26,6,2026-07-30,2026-09-02,Skydio,Skydio: 26,,yes,,https://drones.ahdatalytics.com/agency/norton-pd-oh,https://www.arcgis.com/apps/dashboards/9e47de96be8a4dec90b98064bff26c12
Appleton Police Department,WI,law enforcement,25,5,2026-08-01,2026-09-01,Skydio,Skydio: 25,,yes,,https://drones.ahdatalytics.com/agency/appleton-pd-wi,https://www.arcgis.com/apps/dashboards/dc72264a9fcf40eca84e78661ed37a16
Hamilton Police Department,OH,law enforcement,25,5,2026-05-05,2026-06-03,Skydio,Skydio: 25,,yes,,https://drones.ahdatalytics.com/agency/hamilton-pd-oh,https://www.arcgis.com/apps/dashboards/d34653ae03a74404a75b2ee4ea53ce53
Adams County Sheriffs Office,WA,law enforcement,24,6,2026-04-16,2026-08-27,Skydio,Skydio: 24,,yes,,https://drones.ahdatalytics.com/agency/adams-county-so-wa,https://www.arcgis.com/apps/dashboards/a9c7cf7faa2e4aae81cfaeab65a401c5
Terrebonne Parish Sheriff's Office,LA,law enforcement,20,4,2026-06-29,2026-08-26,Skydio,Skydio: 20,,yes,,https://drones.ahdatalytics.com/agency/terrebonne-parish-so-la,https://www.arcgis.com/apps/dashboards/f84e8578eb4e4deeb0e4d7785b3d4982
El Dorado Police Department- Kansas,KS,law enforcement,19,6,2026-05-22,2026-08-22,Skydio,Skydio: 19,,yes,,https://drones.ahdatalytics.com/agency/el-dorado-pd-kansas,https://www.arcgis.com/apps/dashboards/f3b2fd312cc24ba99fdafc4387f4bb0f
Providence Police Department,RI,law enforcement,17,4,2026-07-24,2026-08-02,Skydio,Skydio: 17,,yes,,https://drones.ahdatalytics.com/agency/providence-pd-ri,https://www.arcgis.com/apps/dashboards/b1c8de98bc844f54b881a64aa3c7a93b
University St. Thomas PD,TX,university,17,3,2026-02-12,2026-04-16,Flock Aerodome,Flock Aerodome: 17,,yes,,https://drones.ahdatalytics.com/agency/university-st-thomas-pd-tx,https://community.university-st-thomas.tx.us.aerodome.com/
Titusville Police Department sUAS Transparency Dashboard,FL,law enforcement,16,4,2025-12-29,2026-08-11,Skydio,Skydio: 16,,yes,,https://drones.ahdatalytics.com/agency/titusville-pd-suas-transparency-dashboard,https://www.arcgis.com/apps/dashboards/5378b0bf683744ccb1f7493d70c3c39f
Fayette County Sheriff's Office,GA,law enforcement,14,3,2026-03-11,2026-06-04,Skydio,Skydio: 14,,yes,,https://drones.ahdatalytics.com/agency/fayette-county-so-ga,https://cloud.skydio.com/dashboard/fayettecountysheriff
Pickens County Sheriffs Office,GA,law enforcement,14,3,2026-06-29,2026-09-01,Skydio,Skydio: 14,,yes,,https://drones.ahdatalytics.com/agency/pickens-county-so-ga,https://www.arcgis.com/apps/dashboards/f2e26f7a271249c6a9935b99fddb4d0b
Hampton Police Department,VA,law enforcement,13,2,2026-07-28,2026-08-21,Skydio,Skydio: 13,,yes,,https://drones.ahdatalytics.com/agency/hampton-pd-va,https://www.arcgis.com/apps/dashboards/7f548a7c0fe54c2989d1f5beb949736f
Miami Beach PD - G47 Beta,FL,law enforcement,12,2,2025-10-31,2025-11-04,Skydio,Skydio: 12,,yes,,https://drones.ahdatalytics.com/agency/miami-beach-pd-g47-beta,https://www.arcgis.com/apps/dashboards/6a4e721a3d1d4493bfd1f3caf7c0b59a
Arkansas DOT,AR,government other,11,1,2025-02-24,2025-03-10,Skydio,Skydio: 11,,yes,,https://drones.ahdatalytics.com/agency/arkansas-dot,https://www.arcgis.com/apps/dashboards/88c4f1e8bda644668f3c363a821225a0
Honolulu Police Department,HI,law enforcement,11,3,2026-08-03,2026-08-20,Skydio,Skydio: 11,,yes,,https://drones.ahdatalytics.com/agency/honolulu-pd,https://www.arcgis.com/apps/dashboards/276109f23c14448bb789ece9d88e83a7
Amarillo Police Department,AZ,law enforcement,10,2,2025-03-03,2025-03-08,Skydio,Skydio: 10,,yes,,https://drones.ahdatalytics.com/agency/amarillo-pd,https://www.arcgis.com/apps/dashboards/f34686592a37474e830e95065fcca6d8
El Cajon PD,CA,law enforcement,9,2,2026-08-25,2026-09-03,Skydio,Skydio: 9,,yes,,https://drones.ahdatalytics.com/agency/el-cajon-pd,https://www.arcgis.com/apps/dashboards/e82d5b26aff9427f88026be731055113
Quincy Police Department,FL,law enforcement,8,1,2025-09-30,2026-01-06,Skydio,Skydio: 8,,yes,,https://drones.ahdatalytics.com/agency/quincy-pd,https://www.arcgis.com/apps/dashboards/842da83f140c4bcb93f2164981ea0dec
Rowlett Police Department,TX,law enforcement,8,2,2026-07-02,2026-08-26,Skydio,Skydio: 8,,yes,,https://drones.ahdatalytics.com/agency/rowlett-pd-tx,https://www.arcgis.com/apps/dashboards/8f9ba15b43564c2dad3299b74399b590
Bernalillo County Sheriff's Office,NM,law enforcement,7,2,2026-03-12,2026-03-24,Skydio,Skydio: 7,,yes,,https://drones.ahdatalytics.com/agency/bernalillo-county-so,https://www.arcgis.com/apps/dashboards/831574a885f145c9ad80a2dbbed4e0be
FSU EMHS,FL,university,7,1,2025-11-17,2025-12-12,Skydio,Skydio: 7,,yes,,https://drones.ahdatalytics.com/agency/fsu-emhs,https://www.arcgis.com/apps/dashboards/e51b33d0cd5c4c0ca801dab88a739b90
Louisville Metro Government,KY,government other,7,2,2025-10-21,2025-10-23,Skydio,Skydio: 7,,yes,,https://drones.ahdatalytics.com/agency/louisville-metro-government,https://www.arcgis.com/apps/dashboards/e626c750dedc49e1ae572d103e188bb4
Keystone PD,CO,law enforcement,7,24,2025-07-11,2025-11-13,Flock Aerodome,Flock Aerodome: 7,,yes,,https://drones.ahdatalytics.com/agency/keystone-pd-co,https://community.keystone.co.us.aerodome.com/
Monarch PD,CO,law enforcement,7,1,2025-08-21,2026-02-17,Flock Aerodome,Flock Aerodome: 7,,yes,,https://drones.ahdatalytics.com/agency/monarch-pd-co,https://community.monarch.co.us.aerodome.com/
Los Gatos/Monte Sereno Police Department,CA,law enforcement,6,1,2026-02-04,2026-08-25,Skydio,Skydio: 6,,yes,,https://drones.ahdatalytics.com/agency/los-gatos-monte-sereno-pd,https://www.arcgis.com/apps/dashboards/f766075aa8694f0dba75b8a350e5c131
Frederick County Sheriff's Office,MD,law enforcement,5,1,2026-01-23,2026-02-23,Skydio,Skydio: 5,,yes,,https://drones.ahdatalytics.com/agency/frederick-county-so,https://www.arcgis.com/apps/dashboards/757a3ca500934bfa9de33669a5d473e8
Nevada County Sheriff's Office,CA,law enforcement,5,2,2025-02-03,2025-02-28,Skydio,Skydio: 5,,yes,,https://drones.ahdatalytics.com/agency/nevada-county-so,https://www.arcgis.com/apps/dashboards/c414beda48c0421ba36d9a81b31a5a4a
Escambia County Sheriffs Office,FL,law enforcement,4,1,2025-04-12,2026-01-29,Skydio,Skydio: 4,,yes,,https://drones.ahdatalytics.com/agency/escambia-county-so-fl,https://www.arcgis.com/apps/dashboards/d2a0e9c04fca4bcda91af3d52ef18e3c
Middlefield Vol. Fire Co.,CT,fire ems,4,1,2024-11-16,2025-06-16,Skydio,Skydio: 4,,yes,,https://drones.ahdatalytics.com/agency/middlefield-vol-fire-co,https://www.arcgis.com/apps/dashboards/61dfcc89c4804cb5aefd93ffbb3219e4
Cherry Hill Police Department,NJ,law enforcement,338,57,2023-03-24,2026-09-03,Skydio,Skydio: 338,,no,every published flight is testing or training,,https://www.arcgis.com/apps/dashboards/94993e7062594865ab808e13b4373669
Lake County Sheriff's Office,FL,law enforcement,15,4,2025-01-03,2025-01-29,Skydio,Skydio: 15,,no,flights on only 2 days,,https://www.arcgis.com/apps/dashboards/20e1ba0f975a49c3b0431ad9ec569b1b
Oakland County Sheriff's Office,MI,law enforcement,12,3,2025-09-05,2026-07-16,Skydio,Skydio: 12,,no,flights on only 2 days,,https://www.arcgis.com/apps/dashboards/11517f673dc847f4bcf7f48fd3139e7f
Breck PD,CO,law enforcement,8,2,2024-10-08,2024-10-08,Flock Aerodome,Flock Aerodome: 8,,no,flights on only 1 day,,https://community.breck.co.us.aerodome.com/
El Centro Police Department - CA,CA,law enforcement,7,1,2025-03-21,2025-04-07,Skydio,Skydio: 7,,no,flights on only 2 days,,https://www.arcgis.com/apps/dashboards/987c3bcd7aa644bb876e9c401fd9b2a6
Yonkers Police Department,NY,law enforcement,7,1,2026-07-16,2026-09-01,Motorola CAPE,Motorola CAPE: 7,,no,flights on only 2 days,,https://www.aerial.motorolasolutions.com/transparency/yonkerspd-ny
Kootenai County Sheriff's Office,ID,law enforcement,6,2,2026-06-17,2026-06-21,Skydio,Skydio: 6,,no,flights on only 2 days,,https://www.arcgis.com/apps/dashboards/28e40b58334948d5a551f831c83db142
NIRAS EMEA,,corporate utility,6,1,2025-01-21,2025-01-21,Skydio,Skydio: 6,,no,flights on only 1 day,,https://www.arcgis.com/apps/dashboards/37b99114b5d843fabfa7cd05b0ecbbd1
Knox County Sheriffs Office,TN,law enforcement,5,1,2026-04-10,2026-04-10,Skydio,Skydio: 5,,no,flights on only 1 day,,https://www.arcgis.com/apps/dashboards/2fedc6d0fa3a4ff3b8bc0608e708b768
New Berlin Marshal's Office,TX,law enforcement,5,2,2026-08-26,2026-09-01,Skydio,Skydio: 5,,no,flights on only 2 days,,https://www.arcgis.com/apps/dashboards/82eadbba84e7480f9e614ba2c7d5c5f5
TRIAL - Fargo Police Department,ND,law enforcement,5,1,2025-12-07,2025-12-08,Skydio,Skydio: 5,,no,flights on only 2 days,,https://www.arcgis.com/apps/dashboards/c95c74d0abbd4b588f233a04a893e25a
Cherry Valley Police Department,IL,law enforcement,4,1,2024-11-09,2025-12-25,Skydio,Skydio: 4,,no,every published flight is testing or training,,https://cloud.skydio.com/dashboard/cvpd
Marysville Police Department - Sno911,WA,law enforcement,4,1,2025-08-09,2025-08-09,Skydio,Skydio: 4,,no,flights on only 1 day,,https://www.arcgis.com/apps/dashboards/882eadd9bfef4ca58b9b20f73781d6dc
Raleigh PD,NC,law enforcement,4,0,2026-01-22,2026-01-22,Flock Aerodome,Flock Aerodome: 4,,no,flights on only 1 day,,https://community.raleigh.nc.us.aerodome.com/
Boston PD,MA,law enforcement,3,1,2026-01-20,2026-02-08,Skydio,Skydio: 3,,no,flights on only 2 days,,https://cloud.skydio.com/dashboard/bostonpolice
Foxborough Police Department,MA,law enforcement,3,1,2026-03-26,2026-03-26,Skydio,Skydio: 3,,no,flights on only 1 day,,https://www.arcgis.com/apps/dashboards/d8e670915cd6437c985ee831219964d8
Indian River County Emergency Services,FL,fire ems,3,,2026-08-11,2026-08-11,Skydio,Skydio: 3,,no,flights on only 1 day,,https://www.arcgis.com/apps/dashboards/5c38bed763624cedbc63178f11687739
MLGW,TN,corporate utility,3,1,2025-06-17,2025-06-18,Skydio,Skydio: 3,,no,flights on only 2 days,,https://www.arcgis.com/apps/dashboards/1baaf00e2bd14cfc82e8e9df06d60cf4
Amherst Police Department,OH,law enforcement,3,0,2026-09-01,2026-09-01,Motorola CAPE,Motorola CAPE: 3,,no,flights on only 1 day,,https://www.aerial.motorolasolutions.com/transparency/amherstpd-oh
Alaska DOT&PF,AK,government other,2,0,2026-06-22,2026-06-22,Skydio,Skydio: 2,,no,flights on only 1 day,,https://www.arcgis.com/apps/dashboards/fb9447dc4b354c99850366254b6c7c0f
Hennepin EMS,MN,fire ems,2,0,2025-08-29,2025-08-29,Skydio,Skydio: 2,,no,flights on only 1 day,,https://www.arcgis.com/apps/dashboards/65bd58e97fb44d15b05949d5b7ad6097
Medicine Hat Police Service,,law enforcement,2,1,2026-08-12,2026-08-12,Skydio,Skydio: 2,,no,flights on only 1 day,,https://www.arcgis.com/apps/dashboards/dc06dea91597478ea122684bdbffdb3d
Miami PD - Org,FL,law enforcement,2,1,2025-09-18,2025-09-18,Skydio,Skydio: 2,,no,flights on only 1 day,,https://www.arcgis.com/apps/dashboards/bcb6529dfdff4a7093bc7feb91b435e0
PSEG Long Island Power Authority,NY,corporate utility,2,0,2026-05-27,2026-05-29,Skydio,Skydio: 2,,no,flights on only 2 days,,https://www.arcgis.com/apps/dashboards/a97a09c800f44b08b4450be0a82af604
Turner Construction Company,NC,corporate utility,2,1,2024-12-01,2024-12-01,Skydio,Skydio: 2,,no,flights on only 1 day,,https://www.arcgis.com/apps/dashboards/980c6bec15754d998e45b726e8eca6b9
Emporia PD,VA,law enforcement,2,0,2026-03-12,2026-03-12,Flock Aerodome,Flock Aerodome: 2,,no,flights on only 1 day,,https://community.emporia.va.us.aerodome.com/
AEP Gen Shared Services Engineering,OH,corporate utility,1,0,2025-05-07,2025-05-07,Skydio,Skydio: 1,,no,flights on only 1 day,,https://www.arcgis.com/apps/dashboards/a1e7692c854140ffaaf2fbf165e9d3f4
"Azimuth, Inc.",WV,corporate utility,1,1,2025-09-22,2025-09-22,Skydio,Skydio: 1,,no,flights on only 1 day,,https://www.arcgis.com/apps/dashboards/cf8880ca0f654cfeac6f2d402be880d8
Bellingham Police Department,WA,law enforcement,1,0,2026-08-19,2026-08-19,Skydio,Skydio: 1,,no,flights on only 1 day,,https://www.arcgis.com/apps/dashboards/ac4bcc12e9e4420897665747e8c2c5d0
Birmingham Police Department,AL,law enforcement,1,0,2026-03-30,2026-03-30,Skydio,Skydio: 1,,no,flights on only 1 day,,https://www.arcgis.com/apps/dashboards/f3736746a3c9430d98cc8ca03ab5c53a
Columbus Police Department - OH,OH,law enforcement,1,0,2025-11-19,2025-11-19,Skydio,Skydio: 1,,no,flights on only 1 day,,https://www.arcgis.com/apps/dashboards/be1daa5b5d4f486eaf15770cb0dd0bb1
Dock Trial - Vancouver PD,WA,law enforcement,1,,2025-08-26,2025-08-26,Skydio,Skydio: 1,,no,flights on only 1 day,,https://www.arcgis.com/apps/dashboards/e0f70ef9724b4d6c9f26261c51757310
Duquesne Light Company,PA,corporate utility,1,0,2025-08-06,2025-08-06,Skydio,Skydio: 1,,no,flights on only 1 day,,https://www.arcgis.com/apps/dashboards/9ae8824a0caf4b3dacbc3596122eb282
Fort Collins Police Services,CO,law enforcement,1,0,2026-04-22,2026-04-22,Skydio,Skydio: 1,,no,flights on only 1 day,,https://www.arcgis.com/apps/dashboards/2d104fe503674c2395e36fdacb4205fa
Granite Defense & Technologies NFR,TX,corporate utility,1,0,2025-09-03,2025-09-03,Skydio,Skydio: 1,,no,flights on only 1 day,,https://www.arcgis.com/apps/dashboards/50427cbddf194c359ca2ff1ac41d578f
Lafayette Police Department,LA,law enforcement,1,0,2025-03-25,2025-03-25,Skydio,Skydio: 1,,no,flights on only 1 day,,https://www.arcgis.com/apps/dashboards/652aee69f955462f9a788b4e60e6fa23
Newmont Lihir Papua New Guinea,,corporate utility,1,0,2026-07-19,2026-07-19,Skydio,Skydio: 1,,no,flights on only 1 day,,https://www.arcgis.com/apps/dashboards/d30c85a1e8a74201a2825591eda0fed1
Trophy Club Police Department,TX,law enforcement,1,0,2026-07-23,2026-07-23,Skydio,Skydio: 1,,no,flights on only 1 day,,https://www.arcgis.com/apps/dashboards/b82c0141ee054a41ac56d9b9b36e393f
Boynton Beach PD,FL,law enforcement,0,,,,Flock Aerodome,Flock Aerodome: 0,,no,no published flights,,https://community.boynton-beach.fl.us.aerodome.com/
Franklin Township PD,NJ,law enforcement,0,,,,Flock Aerodome,Flock Aerodome: 0,,no,no published flights,,https://community.franklin-somerset.nj.us.aerodome.com/
Longmont PD,CO,law enforcement,0,,,,Flock Aerodome,Flock Aerodome: 0,,no,no published flights,,https://community.longmont.co.us.aerodome.com/
Loveland PD,CO,law enforcement,0,,,,Flock Aerodome,Flock Aerodome: 0,,no,no published flights,,https://community.loveland.co.us.aerodome.com/
Boulder Police Department,CO,law enforcement,0,,,,Motorola CAPE,Motorola CAPE: 0,,no,no published flights,,https://www.aerial.motorolasolutions.com/transparency/boulderpd
Roswell Police,GA,law enforcement,0,,,,Motorola CAPE,Motorola CAPE: 0,,no,no published flights,,https://www.aerial.motorolasolutions.com/transparency/roswellpd
