agency,state,platform,status,flights,first_flight,last_flight,url,notes
Chula Vista Police,CA,AirData,collected,24348,2021-04-01,2026-09-02,https://app.airdata.com/u/cvpd,"No flight durations published. Portal states 24,348 flights across 66 months."
Cincinnati Police Department,,Skydio,collected,18043,2025-03-19,2026-09-01,https://www.arcgis.com/apps/dashboards/49102a57e82a4755b015ea84dcd39b01,Skydio aircraft only.
CSPD Real-Time Crime Center,,Skydio,collected,10307,2025-09-21,2026-09-02,https://www.arcgis.com/apps/dashboards/77fe7c984946489aaf32ca7564667c0b,Skydio aircraft only.
ELK GROVE PD,CA,Flock Aerodome,collected,10201,2024-04-20,2026-09-02,https://community.elk-grove.ca.us.aerodome.com/,"Richest source: call type, case number, priority, block-level address. Default view shows about a month; history reachable by date range."
Los Angeles Police Department,,Skydio,collected,9685,2025-07-29,2026-09-01,https://cloud.skydio.com/dashboard/lapd,Skydio aircraft only.
San Francisco Police Department,CA,City open data (DataSF),collected,7481,2024-05-16,2026-06-30,https://www.sanfranciscopolice.org/your-sfpd/explore-department/drones,Whole fleet. Date but no time of day.
Wichita Police Department,,Skydio,collected,6653,2024-05-29,2026-09-02,https://cloud.skydio.com/dashboard/wichita,Skydio aircraft only.
Redondo Beach Police Department,CA,Motorola CAPE,collected,5709,2020-04-07,2024-02-09,https://www.aerial.motorolasolutions.com/transparency/redondobeachpd,Publishes full history.
AZUSA PD,CA,Flock Aerodome,collected,5381,2023-12-18,2026-09-02,https://community.azusa.ca.us.aerodome.com/,"Richest source: call type, case number, priority, block-level address. Default view shows about a month; history reachable by date range."
AURORA PD,CO,Flock Aerodome,collected,4959,2025-08-12,2026-08-30,https://community.aurora.co.us.aerodome.com/,"Richest source: call type, case number, priority, block-level address. Default view shows about a month; history reachable by date range."
ALHAMBRA PD,CA,Flock Aerodome,collected,4829,2024-06-20,2026-09-02,https://community.alhambra.ca.us.aerodome.com/,"Richest source: call type, case number, priority, block-level address. Default view shows about a month; history reachable by date range."
Laredo Police Department,,Skydio,collected,4688,2026-01-30,2026-09-02,https://cloud.skydio.com/dashboard/laredopd,Skydio aircraft only.
REDONDO BEACH PD,CA,Flock Aerodome,collected,4591,2023-11-02,2026-08-28,https://community.rbpd.ca.us.aerodome.com/,"Richest source: call type, case number, priority, block-level address. Default view shows about a month; history reachable by date range."
HAWTHORNE PD,CA,Flock Aerodome,collected,4450,2024-04-15,2026-09-02,https://community.hawthorne.ca.us.aerodome.com/,"Richest source: call type, case number, priority, block-level address. Default view shows about a month; history reachable by date range."
Philadelphia Police Department,,Skydio,collected,4258,2025-03-08,2026-09-01,https://www.arcgis.com/apps/dashboards/acc28d9c9fbd48c68d1059452bf2bb1c,Skydio aircraft only.
Dearborn Police Department,MI,Skydio,collected,4193,2026-01-28,2026-09-01,https://www.arcgis.com/apps/dashboards/13937d18670e44d5a20a5a3821f01775,Skydio aircraft only.
ASPEN PD,CO,Flock Aerodome,collected,4146,2023-11-15,2026-09-02,https://community.aspen.co.us.aerodome.com/,"Richest source: call type, case number, priority, block-level address. Default view shows about a month; history reachable by date range."
Milwaukee Police Department,,Skydio,collected,4130,2025-03-08,2026-08-23,https://cloud.skydio.com/dashboard/milwaukee,Skydio aircraft only.
MESA PD,AZ,Flock Aerodome,collected,3280,2025-01-30,2026-09-02,https://community.mesa.az.us.aerodome.com/,"Richest source: call type, case number, priority, block-level address. Default view shows about a month; history reachable by date range."
Brookhaven Police Department,,Skydio,collected,3268,2025-05-22,2026-09-01,https://cloud.skydio.com/dashboard/brookhavenpd,Skydio aircraft only.
Irvine PD,CA,AirData,collected,3259,2025-01-01,2026-09-01,https://app.airdata.com/u/irvinepd,"No flight durations published. Portal states 3,259 flights across 21 months."
Rochester Police Department - MN,,Skydio,collected,3111,2025-09-09,2026-08-13,https://www.arcgis.com/apps/dashboards/fc2491c66ec9416aaab58eb84865d51b,Skydio aircraft only.
Concord Police Department,CA,Skydio,collected,3081,2025-10-01,2026-09-01,https://cloud.skydio.com/dashboard/concordpd,Skydio aircraft only.
LAS CRUCES PD,NM,Flock Aerodome,collected,2978,2026-01-15,2026-09-02,https://community.las-cruces.nm.us.aerodome.com/,"Richest source: call type, case number, priority, block-level address. Default view shows about a month; history reachable by date range."
Brea Police Department,CA,Motorola CAPE,collected,2944,2024-05-22,2026-08-29,https://www.aerial.motorolasolutions.com/transparency/breapd-ca,Publishes full history.
SCOTTSDALE PD,AZ,Flock Aerodome,collected,2936,2024-05-01,2026-06-26,https://community.scottsdale.az.us.aerodome.com/,"Richest source: call type, case number, priority, block-level address. Default view shows about a month; history reachable by date range."
TOLEDO PD,OH,Flock Aerodome,collected,2741,2025-09-15,2026-09-02,https://community.toledo.oh.us.aerodome.com/,"Richest source: call type, case number, priority, block-level address. Default view shows about a month; history reachable by date range."
PROSPER PD,TX,Flock Aerodome,collected,2528,2025-02-11,2026-09-02,https://community.prosper.tx.us.aerodome.com/,"Richest source: call type, case number, priority, block-level address. Default view shows about a month; history reachable by date range."
EVERETT PD,WA,Flock Aerodome,collected,2523,2025-09-30,2026-09-02,https://community.everett.wa.us.aerodome.com/,"Richest source: call type, case number, priority, block-level address. Default view shows about a month; history reachable by date range."
Elk Grove PD,CA,AirData,collected,2503,2023-01-01,2026-08-28,https://app.airdata.com/u/egpd,"No flight durations published. Portal states 2,503 flights across 44 months."
Greeley Police Department,CO,Skydio,collected,2322,2026-01-28,2026-09-01,https://www.arcgis.com/apps/dashboards/e6b0a17763154df2b33112c954ef6b0d,Skydio aircraft only.
Anne Arundel County Police,MD,AirData,collected,2267,2025-07-02,2026-08-03,https://app.airdata.com/u/annearundelpd,"No flight durations published. Portal states 2,267 flights across 14 months."
SOUTH BEND PD,IN,Flock Aerodome,collected,2232,2026-01-08,2026-09-02,https://community.south-bend.in.us.aerodome.com/,"Richest source: call type, case number, priority, block-level address. Default view shows about a month; history reachable by date range."
Coachella Valley RTIC,CA,AirData,collected,2011,2025-09-04,2026-09-02,https://app.airdata.com/u/cvrtic,"No flight durations published. Portal states 2,011 flights across 13 months."
Brooklyn Park Police Department,,Skydio,collected,2006,2025-11-14,2026-08-31,https://www.arcgis.com/apps/dashboards/b230d35acc124c4080b591a99fc3b28d,Skydio aircraft only.
EDINBURG PD,TX,Flock Aerodome,collected,1927,2025-05-13,2026-09-02,https://community.edinburg.tx.us.aerodome.com/,"Richest source: call type, case number, priority, block-level address. Default view shows about a month; history reachable by date range."
PEORIA PD,AZ,Flock Aerodome,collected,1919,2025-12-02,2026-09-02,https://community.peoria.az.us.aerodome.com/,"Richest source: call type, case number, priority, block-level address. Default view shows about a month; history reachable by date range."
WASHOE COUNTY SO,NV,Flock Aerodome,collected,1910,2025-12-11,2026-09-02,https://community.washoe-county.nv.us.aerodome.com/,"Richest source: call type, case number, priority, block-level address. Default view shows about a month; history reachable by date range."
PERTH AMBOY,NJ,Flock Aerodome,collected,1907,2025-01-22,2026-09-02,https://community.perth-amboy.nj.us.aerodome.com/,"Richest source: call type, case number, priority, block-level address. Default view shows about a month; history reachable by date range."
CONYERS PD,GA,Flock Aerodome,collected,1857,2025-09-25,2026-09-02,https://community.conyers.ga.us.aerodome.com/,"Richest source: call type, case number, priority, block-level address. Default view shows about a month; history reachable by date range."
Denver Police Department,,Skydio,collected,1841,2025-10-21,2026-09-01,https://cloud.skydio.com/dashboard/denverpd,Skydio aircraft only.
Chico Police Department,CA,AirData,collected,1797,2021-07-22,2026-08-16,https://app.airdata.com/u/chicopd,"No flight durations published. Portal states 1,797 flights across 62 months."
HEMET PD,CA,Flock Aerodome,collected,1739,2025-09-26,2026-09-02,https://community.hemet.ca.us.aerodome.com/,"Richest source: call type, case number, priority, block-level address. Default view shows about a month; history reachable by date range."
Lancaster Police Department,CA,AirData,collected,1647,2024-08-15,2026-08-25,https://app.airdata.com/u/lpdviper,"No flight durations published. Portal states 1,647 flights across 25 months."
South San Francisco Police Department,CA,Skydio,collected,1637,2025-10-06,2026-09-01,https://www.arcgis.com/apps/dashboards/c62d7fea1f524f2ebe9f10ff5569e0c8,Skydio aircraft only.
Santa Ana Police Department,CA,Skydio,collected,1599,2026-05-21,2026-08-27,https://www.arcgis.com/apps/dashboards/2a9b8236a99245dd99899b96495326fe,Skydio aircraft only.
DEKALB COUNTY PD,GA,Flock Aerodome,collected,1585,2025-12-03,2026-09-02,https://community.dekalb.ga.us.aerodome.com/,"Richest source: call type, case number, priority, block-level address. Default view shows about a month; history reachable by date range."
OAK BROOK PD,IL,Flock Aerodome,collected,1558,2025-05-20,2026-09-02,https://community.oak-brook.il.us.aerodome.com/,"Richest source: call type, case number, priority, block-level address. Default view shows about a month; history reachable by date range."
St. Paul Police Department,MN,Skydio,collected,1517,2026-06-01,2026-09-01,https://cloud.skydio.com/dashboard/sppd,Skydio aircraft only.
HUMBLE PD,TX,Flock Aerodome,collected,1420,2025-05-09,2026-09-01,https://community.humble.tx.us.aerodome.com/,"Richest source: call type, case number, priority, block-level address. Default view shows about a month; history reachable by date range."
CASTLE ROCK PD,CO,Flock Aerodome,collected,1384,2025-07-31,2026-09-02,https://community.castle-rock.co.us.aerodome.com/,"Richest source: call type, case number, priority, block-level address. Default view shows about a month; history reachable by date range."
MOORESVILLE PD,NC,Flock Aerodome,collected,1367,2025-04-23,2026-09-02,https://community.mooresville.nc.us.aerodome.com/,"Richest source: call type, case number, priority, block-level address. Default view shows about a month; history reachable by date range."
RIVERSIDE COUNTY SO,CA,Flock Aerodome,collected,1336,2025-10-16,2026-09-02,https://community.riverside-county.ca.us.aerodome.com/,"Richest source: call type, case number, priority, block-level address. Default view shows about a month; history reachable by date range."
EL SEGUNDO PD,CA,Flock Aerodome,collected,1298,2025-04-01,2026-09-02,https://community.el-segundo.ca.us.aerodome.com/,"Richest source: call type, case number, priority, block-level address. Default view shows about a month; history reachable by date range."
HAMILTON COUNTY SO,IN,Flock Aerodome,collected,1269,2025-09-29,2026-09-02,https://community.hamilton.in.us.aerodome.com/,"Richest source: call type, case number, priority, block-level address. Default view shows about a month; history reachable by date range."
Caldwell Police Department,ID,Skydio,collected,1249,2026-01-07,2026-09-01,https://www.arcgis.com/apps/dashboards/62c4003416fb4c52ad4e03766e9ad32a,Skydio aircraft only.
SAN RAFAEL PD,CA,Flock Aerodome,collected,1248,2025-10-29,2026-09-02,https://community.san-rafael.ca.us.aerodome.com/,"Richest source: call type, case number, priority, block-level address. Default view shows about a month; history reachable by date range."
HEMPSTEAD PD,NY,Flock Aerodome,collected,1241,2025-06-12,2026-09-02,https://community.hempstead.ny.us.aerodome.com/,"Richest source: call type, case number, priority, block-level address. Default view shows about a month; history reachable by date range."
Minnetonka Police Department,,Skydio,collected,1220,2025-02-13,2026-08-26,https://www.arcgis.com/apps/dashboards/864a017ece0f4aa898e0026032f8ce92,Skydio aircraft only.
MIDWEST CITY PD,OK,Flock Aerodome,collected,1189,2025-12-18,2026-09-02,https://community.midwest.ok.us.aerodome.com/,"Richest source: call type, case number, priority, block-level address. Default view shows about a month; history reachable by date range."
Arvada Police Department,CO,Skydio,collected,1176,2026-05-22,2026-09-01,https://www.arcgis.com/apps/dashboards/b7c9dafc9f1047f4af6f3df05a7fae2e,Skydio aircraft only.
Town of Ramapo Police Department,,Skydio,collected,1163,2026-03-31,2026-09-02,https://www.arcgis.com/apps/dashboards/91bfbf2aaa034122810ad9120c1213b9,Skydio aircraft only.
MANSFIELD TX PD,TX,Flock Aerodome,collected,1107,2025-12-05,2026-09-02,https://community.mansfield.tx.us.aerodome.com/,"Richest source: call type, case number, priority, block-level address. Default view shows about a month; history reachable by date range."
DUNWOODY PD,GA,Flock Aerodome,collected,1089,2024-10-31,2026-09-02,https://community.dunwoody.ga.us.aerodome.com/,"Richest source: call type, case number, priority, block-level address. Default view shows about a month; history reachable by date range."
St. Cloud Police Department,,Skydio,collected,1061,2025-02-09,2026-09-02,https://www.arcgis.com/apps/dashboards/a72c3583084241528c5dc488d59892ba,Skydio aircraft only.
Lewisville Police Department DFR,TX,Skydio,collected,945,2026-02-26,2026-07-30,https://www.arcgis.com/apps/dashboards/f93f7ce5e9f447ce8fdb8593dd11442d,Skydio aircraft only.
Los Angeles Port Police,CA,AirData,collected,934,2025-06-05,2026-08-30,https://app.airdata.com/u/lapp,No flight durations published. Portal states 934 flights across 15 months.
BUENA PARK PD,CA,Flock Aerodome,collected,921,2025-12-15,2026-09-02,https://community.buena-park.ca.us.aerodome.com/,"Richest source: call type, case number, priority, block-level address. Default view shows about a month; history reachable by date range."
CASA GRANDE PD,AZ,Flock Aerodome,collected,869,2026-02-11,2026-09-02,https://community.casa-grande.az.us.aerodome.com/,"Richest source: call type, case number, priority, block-level address. Default view shows about a month; history reachable by date range."
Durango Police Department,CO,Skydio,collected,854,2026-05-28,2026-09-01,https://www.arcgis.com/apps/dashboards/e9e298e4ce57474c96908c82dfe2c8d8,Skydio aircraft only.
SOUTHERN ILLINOIS UNIVERSITY PD,IL,Flock Aerodome,collected,846,2025-07-31,2026-09-02,https://community.southern-illinois-university.il.us.aerodome.com/,"Richest source: call type, case number, priority, block-level address. Default view shows about a month; history reachable by date range."
Duluth Police Department,MN,Skydio,collected,813,2025-12-16,2026-09-01,https://www.arcgis.com/apps/dashboards/c916825c24e04d3bbd226e8e5aeb56c5,Skydio aircraft only.
ROANOKE PD,TX,Flock Aerodome,collected,760,2025-10-28,2026-09-02,https://community.roanoke.tx.us.aerodome.com/,"Richest source: call type, case number, priority, block-level address. Default view shows about a month; history reachable by date range."
Vanderbilt University Police Department,,Skydio,collected,753,2026-04-21,2026-08-30,https://www.arcgis.com/apps/dashboards/a8cd850f37644d7ca7d50dde2ab9733a,Skydio aircraft only.
ELIZABETHTOWN PD,KY,Flock Aerodome,collected,739,2026-02-12,2026-09-01,https://community.elizabethtown.ky.us.aerodome.com/,"Richest source: call type, case number, priority, block-level address. Default view shows about a month; history reachable by date range."
COTTONWOOD PD,AZ,Flock Aerodome,collected,729,2025-12-11,2026-08-31,https://community.cottonwood.az.us.aerodome.com/,"Richest source: call type, case number, priority, block-level address. Default view shows about a month; history reachable by date range."
SAN ANGELO TX PD,TX,Flock Aerodome,collected,699,2026-04-30,2026-09-02,https://community.san-angelo.tx.us.aerodome.com/,"Richest source: call type, case number, priority, block-level address. Default view shows about a month; history reachable by date range."
Santa Clara County Sheriff's Office,,Skydio,collected,698,2024-12-09,2026-07-27,https://www.arcgis.com/apps/dashboards/06fa738e00f84de6a9fa587a01ab159e,Skydio aircraft only.
HARVEY PD,IL,Flock Aerodome,collected,689,2025-10-08,2026-09-02,https://community.harvey.il.us.aerodome.com/,"Richest source: call type, case number, priority, block-level address. Default view shows about a month; history reachable by date range."
Bothell Police,WA,AirData,collected,672,2021-09-23,2026-08-11,https://app.airdata.com/u/bothellpd,No flight durations published. Portal states 672 flights across 53 months.
FARMERS BRANCH PD,TX,Flock Aerodome,collected,667,2026-02-05,2026-09-02,https://community.farmers-branch.tx.us.aerodome.com/,"Richest source: call type, case number, priority, block-level address. Default view shows about a month; history reachable by date range."
Cobb County Police Department,,Skydio,collected,649,2025-11-06,2026-09-01,https://www.arcgis.com/apps/dashboards/b8e5c097e1bb44c7bd3912fb79037cba,Skydio aircraft only.
ALAMEDA COUNTY SO,CA,Flock Aerodome,collected,645,2025-09-01,2026-08-23,https://community.alameda-county.ca.us.aerodome.com/,"Richest source: call type, case number, priority, block-level address. Default view shows about a month; history reachable by date range."
FORT WORTH PD,TX,Flock Aerodome,collected,617,2025-10-14,2026-09-01,https://community.fort-worth.tx.us.aerodome.com/,"Richest source: call type, case number, priority, block-level address. Default view shows about a month; history reachable by date range."
Tampa Police Department,,Skydio,collected,593,2026-01-03,2026-08-20,https://cloud.skydio.com/dashboard/tampa,Skydio aircraft only.
SUISUN CITY PD,CA,Flock Aerodome,collected,554,2025-11-17,2026-08-25,https://community.suisun-city.ca.us.aerodome.com/,"Richest source: call type, case number, priority, block-level address. Default view shows about a month; history reachable by date range."
COLONY PD,TX,Flock Aerodome,collected,477,2026-03-05,2026-09-02,https://community.colony.tx.us.aerodome.com/,"Richest source: call type, case number, priority, block-level address. Default view shows about a month; history reachable by date range."
Lee County Government,,Skydio,collected,461,2024-04-04,2026-08-03,https://www.arcgis.com/apps/dashboards/efe67bb8531c4907b4b355403485e2fc,Skydio aircraft only.
Montgomery County PD - G47 Beta,,Skydio,collected,450,2025-04-01,2026-06-12,https://www.arcgis.com/apps/dashboards/10da1489c7e441b99b824c1fc5faf0a9,Skydio aircraft only.
Belmont Police Department,,Skydio,collected,438,2025-03-27,2026-08-21,https://www.arcgis.com/apps/dashboards/32ec77cf9c7346cbba65b8c3830142a2,Skydio aircraft only.
Detroit Fire Department,,Skydio,collected,435,2024-02-04,2026-03-09,https://www.arcgis.com/apps/dashboards/00013c28bfd349089a62f87b1cab5fd2,Skydio aircraft only.
King County Sheriff's Office,WA,AirData,collected,431,2025-12-02,2026-08-28,https://app.airdata.com/u/kcso,No flight durations published. Portal states 431 flights across 9 months.
TELLURIDE,CO,Flock Aerodome,collected,430,2025-03-17,2026-08-31,https://community.telluride.co.us.aerodome.com/,"Richest source: call type, case number, priority, block-level address. Default view shows about a month; history reachable by date range."
GALVESTON PD,TX,Flock Aerodome,collected,409,2026-02-04,2026-08-31,https://community.galveston.tx.us.aerodome.com/,"Richest source: call type, case number, priority, block-level address. Default view shows about a month; history reachable by date range."
Bloomington Police Department,IL,Skydio,collected,404,2026-04-04,2026-08-14,https://www.arcgis.com/apps/dashboards/cc7f3e1ceb9d4e79a05d6e9f5e1ebe6b,Skydio aircraft only.
TEMPLE PD,TX,Flock Aerodome,collected,402,2026-03-27,2026-09-01,https://community.temple.tx.us.aerodome.com/,"Richest source: call type, case number, priority, block-level address. Default view shows about a month; history reachable by date range."
GILBERT PD,AZ,Flock Aerodome,collected,396,2025-11-19,2026-01-16,https://community.gilbert.az.us.aerodome.com/,"Richest source: call type, case number, priority, block-level address. Default view shows about a month; history reachable by date range."
Metropolitan Nashville Police Department,TN,Skydio,collected,395,2026-05-26,2026-08-07,https://www.arcgis.com/apps/dashboards/a190b98bd45c40bd9c35cc054a004f49,Skydio aircraft only.
Los Altos Police Department,CA,Skydio,collected,386,2026-03-05,2026-08-25,https://www.arcgis.com/apps/dashboards/555d9b93a2824197becd4066013775ea,Skydio aircraft only.
MMOZOL,CO,Flock Aerodome,collected,376,2023-11-17,2026-08-27,https://community.vail.co.us.aerodome.com/,"Richest source: call type, case number, priority, block-level address. Default view shows about a month; history reachable by date range."
Conroe Police Department,,Skydio,collected,363,2026-05-11,2026-09-01,https://cloud.skydio.com/dashboard/conroepd,Skydio aircraft only.
Menifee Police Department,,Skydio,collected,346,2025-11-21,2026-08-31,https://www.arcgis.com/apps/dashboards/a6e459fbc6194f17ac08084aec34e603,Skydio aircraft only.
COPPER MOUNTAIN PD,CO,Flock Aerodome,collected,344,2024-09-16,2026-08-25,https://community.copper.co.us.aerodome.com/,"Richest source: call type, case number, priority, block-level address. Default view shows about a month; history reachable by date range."
FULTON COUNTY SO,GA,Flock Aerodome,collected,322,2026-02-06,2026-08-31,https://community.fulton-county.ga.us.aerodome.com/,"Richest source: call type, case number, priority, block-level address. Default view shows about a month; history reachable by date range."
Glendale Police Department - Trial,CA,Skydio,collected,315,2026-02-10,2026-03-05,https://www.arcgis.com/apps/dashboards/45470a6e60354b068d1ddb6076fcc26c,Skydio aircraft only.
Laurel Police Department UAS Flight Data,,Skydio,collected,313,2026-07-02,2026-09-01,https://www.arcgis.com/apps/dashboards/f9e4f009b02b43628e8d259acbe14a68,Skydio aircraft only.
New Orleans Police Department,,Skydio,collected,297,2026-01-13,2026-06-28,https://cloud.skydio.com/dashboard/nopd,Skydio aircraft only.
Overland Park Police Department,KS,Skydio,collected,294,2026-05-12,2026-09-01,https://www.arcgis.com/apps/dashboards/046b94ec93f84a599e69d5f1b1b01eb1,Skydio aircraft only.
GEORGIA TECH PD,GA,Flock Aerodome,collected,293,2025-11-24,2026-09-02,https://community.georgia-tech.ga.us.aerodome.com/,"Richest source: call type, case number, priority, block-level address. Default view shows about a month; history reachable by date range."
Cherry Hill Police Department,,Skydio,collected,286,2023-03-24,2026-08-25,https://www.arcgis.com/apps/dashboards/94993e7062594865ab808e13b4373669,Skydio aircraft only.
SHOW LOW PD,AZ,Flock Aerodome,collected,263,2026-03-19,2026-09-02,https://community.show-low.az.us.aerodome.com/,"Richest source: call type, case number, priority, block-level address. Default view shows about a month; history reachable by date range."
University of Illinois Division of Public Safety,,Skydio,collected,249,2026-05-14,2026-09-01,https://www.arcgis.com/apps/dashboards/d4a3d2851dba46149858ce525b941b90,Skydio aircraft only.
Cleveland Division of Police,,Skydio,collected,248,2024-11-24,2026-08-30,https://cloud.skydio.com/dashboard/clevelandpolice,Skydio aircraft only.
Monroe County Sheriff's Office,,Skydio,collected,247,2026-03-09,2026-08-28,https://www.arcgis.com/apps/dashboards/57633537efa44d2eb774f49ef3c2bf59,Skydio aircraft only.
Chesterfield County Police Department,VA,Skydio,collected,238,2026-07-15,2026-09-01,https://cloud.skydio.com/dashboard/chesterfieldpublicsafety,Skydio aircraft only.
Melrose PARK Police Department,IL,Skydio,collected,226,2026-05-01,2026-09-02,https://www.arcgis.com/apps/dashboards/e0d00aa615684f678bdd7cda8cf29083,Skydio aircraft only.
SANSOM PARK PD,TX,Flock Aerodome,collected,219,2025-08-19,2026-09-02,https://community.sansom-park.tx.us.aerodome.com/,"Richest source: call type, case number, priority, block-level address. Default view shows about a month; history reachable by date range."
Calcasieu Parish Sheriff's Office,,Skydio,collected,183,2025-11-14,2026-07-22,https://cloud.skydio.com/dashboard/cpso,Skydio aircraft only.
Killeen Police Department,TX,Skydio,collected,172,2026-03-24,2026-09-02,https://www.arcgis.com/apps/dashboards/71bd05b0f73341c5a8caaa6ef84c4b1f,Skydio aircraft only.
Milford Police Department,,Skydio,collected,141,2025-07-04,2026-03-24,https://www.arcgis.com/apps/dashboards/0ed27de487774b9eb6b7fd249f91ef65,Skydio aircraft only.
SOUTHINGTON PD,CT,Flock Aerodome,collected,135,2026-05-13,2026-09-02,https://community.southington.ct.us.aerodome.com/,"Richest source: call type, case number, priority, block-level address. Default view shows about a month; history reachable by date range."
University of Arizona - Real Time Coordination Center,,Skydio,collected,121,2026-03-09,2026-04-04,https://www.arcgis.com/apps/dashboards/8946d06a91434fc6898da9bafbdfd953,Skydio aircraft only.
BERKELEY PD,IL,Flock Aerodome,collected,120,2025-12-30,2026-09-02,https://community.berkeley.il.us.aerodome.com/,"Richest source: call type, case number, priority, block-level address. Default view shows about a month; history reachable by date range."
DUTCHESS SO,NY,Flock Aerodome,collected,115,2025-05-20,2025-07-09,https://community.dutchess.ny.us.aerodome.com/,"Richest source: call type, case number, priority, block-level address. Default view shows about a month; history reachable by date range."
Hollywood Police Department,,Skydio,collected,107,2024-11-22,2026-04-23,https://www.arcgis.com/apps/dashboards/bc2e1abd9acb4917b48fc189f26239aa,Skydio aircraft only.
Metropolitan Police Department,,Skydio,collected,100,2024-09-23,2026-05-26,https://www.arcgis.com/apps/dashboards/f9cf6e64c7c246a68596da24f904e47f,Skydio aircraft only.
Fitchburg Police Department,WI,Skydio,collected,94,2026-07-13,2026-07-17,https://www.arcgis.com/apps/dashboards/0249cfdd63684f5a81dd5c33b710a464,Skydio aircraft only.
Pacifica Police Department Drone Transparency Portal,CA,Skydio,collected,86,2025-11-17,2026-07-04,https://www.arcgis.com/apps/dashboards/5866d865778a41a0bb200e9131070fc2,Skydio aircraft only.
LOS ANGELES PD,CA,Flock Aerodome,collected,84,2025-07-16,2025-08-01,https://community.los-angeles.ca.us.aerodome.com/,"Richest source: call type, case number, priority, block-level address. Default view shows about a month; history reachable by date range."
Glendale Police Department,AZ,Motorola CAPE,collected,83,2021-03-31,2022-06-29,https://www.aerial.motorolasolutions.com/transparency/glendaleaz,Publishes full history.
Everett Police,WA,AirData,collected,82,2022-07-13,2026-08-11,https://app.airdata.com/u/everettpd,No flight durations published. Portal states 82 flights across 14 months.
STEAMBOAT PD,CO,Flock Aerodome,collected,81,2025-09-15,2026-07-27,https://community.steamboat.co.us.aerodome.com/,"Richest source: call type, case number, priority, block-level address. Default view shows about a month; history reachable by date range."
Watchung Police Department,,Skydio,collected,76,2025-05-06,2026-05-30,https://www.arcgis.com/apps/dashboards/dfb49fccd26940159ad80ab2e7ee8dd6,Skydio aircraft only.
Tulsa Fire Department,,Skydio,collected,66,2025-09-12,2026-08-27,https://cloud.skydio.com/dashboard/tulsafire,Skydio aircraft only.
ELM RIDGE PD,TX,Flock Aerodome,collected,63,2026-03-02,2026-08-25,https://community.elm-ridge.tx.us.aerodome.com/,"Richest source: call type, case number, priority, block-level address. Default view shows about a month; history reachable by date range."
DENVER PD,CO,Flock Aerodome,collected,58,2025-10-06,2025-10-21,https://community.denver.co.us.aerodome.com/,"Richest source: call type, case number, priority, block-level address. Default view shows about a month; history reachable by date range."
Crubier,,Skydio,collected,51,2024-04-11,2026-01-18,https://www.arcgis.com/apps/dashboards/ea32f26fbba4458c9dcd12bdaceda7a9,Skydio aircraft only.
West Palm Beach Police Department,,Skydio,collected,46,2024-12-10,2025-08-02,https://www.arcgis.com/apps/dashboards/92ead0d3c5c6434a8272625b91d3e40e,Skydio aircraft only.
Axon Air PSM,,Skydio,collected,40,2025-03-12,2026-07-01,https://www.arcgis.com/apps/dashboards/490bbd4e23aa4d2683c48a53b2a38e6d,Skydio aircraft only.
Fairfax County Police Department,,Skydio,collected,38,2026-03-19,2026-07-28,https://www.arcgis.com/apps/dashboards/c47a7c0ff6d5465884f182588bd2a15f,Skydio aircraft only.
CSU Long Beach Police Department,,Skydio,collected,37,2026-05-17,2026-05-21,https://www.arcgis.com/apps/dashboards/4fc07c3ce464428d98bdc9cc449c8454,Skydio aircraft only.
Oklahoma City Police Department,,Skydio,collected,37,2024-11-16,2025-02-04,https://www.arcgis.com/apps/dashboards/c7a3fac3b8024e2098e8d98aede302b5,Skydio aircraft only.
Upper Arlington Police Division,OH,Skydio,collected,37,2026-05-30,2026-08-27,https://www.arcgis.com/apps/dashboards/f5ea9137103a48d78bb5f2504d2a9d6e,Skydio aircraft only.
Virginia Beach Police Department,,Skydio,collected,37,2026-07-04,2026-08-29,https://cloud.skydio.com/dashboard/vbpd,Skydio aircraft only.
Axon,,Skydio,collected,36,2024-10-23,2026-05-07,https://www.arcgis.com/apps/dashboards/c7819204066a4f71af6a5463be0f8b30,Skydio aircraft only.
Gerrittsen Beach Fire Department,,Skydio,collected,35,2025-06-05,2026-06-21,https://www.arcgis.com/apps/dashboards/5feb59dab107420f9e040fecca5a41d2,Skydio aircraft only.
Tennessee Department of Transportation (TDOT),,Skydio,collected,33,2024-09-20,2024-12-11,https://www.arcgis.com/apps/dashboards/59e75c20358a47759f3ef694bc438f50,Skydio aircraft only.
Chiefland Police Department,FL,Skydio,collected,29,2026-03-06,2026-07-08,https://www.arcgis.com/apps/dashboards/cd48d90615b748d9ad10b51f6e30b0bd,Skydio aircraft only.
Niles Police Department,IL,Skydio,collected,29,2026-07-04,2026-08-25,https://www.arcgis.com/apps/dashboards/46325aa313e94f36864c2afb254fa69c,Skydio aircraft only.
Australian Federal Police Drone Flights for Missing Person (Sharon Granites),,Skydio,collected,28,2026-04-26,2026-04-30,https://www.arcgis.com/apps/dashboards/fc5e3073f45f480e8a96e7a896861700,Skydio aircraft only.
Gray Fire Rescue,,Skydio,collected,27,2025-05-27,2026-06-30,https://www.arcgis.com/apps/dashboards/5a75354712194028989ec53180676b56,Skydio aircraft only.
Dallas Police Department,,Skydio,collected,26,2026-05-20,2026-08-12,https://www.arcgis.com/apps/dashboards/50131d633d314eef8408f834f22c19b3,Skydio aircraft only.
Paradise PD,CA,AirData,collected,26,2024-02-22,2025-02-19,https://app.airdata.com/u/ppd,No flight durations published. Portal states 26 flights across 9 months.
Appleton Police Department,WI,Skydio,collected,25,2026-08-01,2026-09-01,https://www.arcgis.com/apps/dashboards/dc72264a9fcf40eca84e78661ed37a16,Skydio aircraft only.
Hamilton Police Department,OH,Skydio,collected,25,2026-05-05,2026-06-03,https://www.arcgis.com/apps/dashboards/d34653ae03a74404a75b2ee4ea53ce53,Skydio aircraft only.
Adams County Sheriffs Office,WA,Skydio,collected,24,2026-04-16,2026-08-27,https://www.arcgis.com/apps/dashboards/a9c7cf7faa2e4aae81cfaeab65a401c5,Skydio aircraft only.
Norton Police Department,OH,Skydio,collected,23,2026-07-30,2026-09-01,https://www.arcgis.com/apps/dashboards/9e47de96be8a4dec90b98064bff26c12,Skydio aircraft only.
Terrebonne Parish Sheriff's Office,LA,Skydio,collected,20,2026-06-29,2026-08-26,https://www.arcgis.com/apps/dashboards/f84e8578eb4e4deeb0e4d7785b3d4982,Skydio aircraft only.
El Dorado Police Department- Kansas,,Skydio,collected,19,2026-05-22,2026-08-22,https://www.arcgis.com/apps/dashboards/f3b2fd312cc24ba99fdafc4387f4bb0f,Skydio aircraft only.
Providence Police Department,RI,Skydio,collected,17,2026-07-24,2026-08-02,https://www.arcgis.com/apps/dashboards/b1c8de98bc844f54b881a64aa3c7a93b,Skydio aircraft only.
UNIVERSITY ST. THOMAS PD,TX,Flock Aerodome,collected,17,2026-02-12,2026-04-16,https://community.university-st-thomas.tx.us.aerodome.com/,"Richest source: call type, case number, priority, block-level address. Default view shows about a month; history reachable by date range."
Titusville Police Department sUAS Transparency Dashboard,,Skydio,collected,16,2025-12-29,2026-08-11,https://www.arcgis.com/apps/dashboards/5378b0bf683744ccb1f7493d70c3c39f,Skydio aircraft only.
Lake County Sheriff's Office,FL,Skydio,collected,15,2025-01-03,2025-01-29,https://www.arcgis.com/apps/dashboards/20e1ba0f975a49c3b0431ad9ec569b1b,Skydio aircraft only.
Fayette County Sheriff's Office,GA,Skydio,collected,14,2026-03-11,2026-06-04,https://cloud.skydio.com/dashboard/fayettecountysheriff,Skydio aircraft only.
Pickens County Sheriffs Office,GA,Skydio,collected,14,2026-06-29,2026-09-01,https://www.arcgis.com/apps/dashboards/f2e26f7a271249c6a9935b99fddb4d0b,Skydio aircraft only.
Hampton Police Department,VA,Skydio,collected,13,2026-07-28,2026-08-21,https://www.arcgis.com/apps/dashboards/7f548a7c0fe54c2989d1f5beb949736f,Skydio aircraft only.
Miami Beach PD - G47 Beta,,Skydio,collected,12,2025-10-31,2025-11-04,https://www.arcgis.com/apps/dashboards/6a4e721a3d1d4493bfd1f3caf7c0b59a,Skydio aircraft only.
Oakland County Sheriff's Office,,Skydio,collected,12,2025-09-05,2026-07-16,https://www.arcgis.com/apps/dashboards/11517f673dc847f4bcf7f48fd3139e7f,Skydio aircraft only.
Arkansas DOT,,Skydio,collected,11,2025-02-24,2025-03-10,https://www.arcgis.com/apps/dashboards/88c4f1e8bda644668f3c363a821225a0,Skydio aircraft only.
Honolulu Police Department,,Skydio,collected,11,2026-08-03,2026-08-20,https://www.arcgis.com/apps/dashboards/276109f23c14448bb789ece9d88e83a7,Skydio aircraft only.
Amarillo Police Department,,Skydio,collected,10,2025-03-03,2025-03-08,https://www.arcgis.com/apps/dashboards/f34686592a37474e830e95065fcca6d8,Skydio aircraft only.
Everett Police Department,WA,Skydio,collected,10,2026-08-03,2026-08-26,https://www.arcgis.com/apps/dashboards/698d0105df8e45f7906b57ea1e596465,Skydio aircraft only.
BRECK PD,CO,Flock Aerodome,collected,8,2024-10-08,2024-10-08,https://community.breck.co.us.aerodome.com/,"Richest source: call type, case number, priority, block-level address. Default view shows about a month; history reachable by date range."
Quincy Police Department,,Skydio,collected,8,2025-09-30,2026-01-06,https://www.arcgis.com/apps/dashboards/842da83f140c4bcb93f2164981ea0dec,Skydio aircraft only.
Rowlett Police Department,TX,Skydio,collected,8,2026-07-02,2026-08-26,https://www.arcgis.com/apps/dashboards/8f9ba15b43564c2dad3299b74399b590,Skydio aircraft only.
Bernalillo County Sheriff's Office,,Skydio,collected,7,2026-03-12,2026-03-24,https://www.arcgis.com/apps/dashboards/831574a885f145c9ad80a2dbbed4e0be,Skydio aircraft only.
El Centro Police Department - CA,,Skydio,collected,7,2025-03-21,2025-04-07,https://www.arcgis.com/apps/dashboards/987c3bcd7aa644bb876e9c401fd9b2a6,Skydio aircraft only.
FSU EMHS,,Skydio,collected,7,2025-11-17,2025-12-12,https://www.arcgis.com/apps/dashboards/e51b33d0cd5c4c0ca801dab88a739b90,Skydio aircraft only.
KEYSTONE PD,CO,Flock Aerodome,collected,7,2025-07-11,2025-11-13,https://community.keystone.co.us.aerodome.com/,"Richest source: call type, case number, priority, block-level address. Default view shows about a month; history reachable by date range."
Louisville Metro Government,,Skydio,collected,7,2025-10-21,2025-10-23,https://www.arcgis.com/apps/dashboards/e626c750dedc49e1ae572d103e188bb4,Skydio aircraft only.
MONARCH PD,CO,Flock Aerodome,collected,7,2025-08-21,2026-02-17,https://community.monarch.co.us.aerodome.com/,"Richest source: call type, case number, priority, block-level address. Default view shows about a month; history reachable by date range."
Yonkers Police Department,NY,Motorola CAPE,collected,7,2026-07-16,2026-09-01,https://www.aerial.motorolasolutions.com/transparency/yonkerspd-ny,Rolling 60-day window: flights age out of the source permanently.
Kootenai County Sheriff's Office,ID,Skydio,collected,6,2026-06-17,2026-06-21,https://www.arcgis.com/apps/dashboards/28e40b58334948d5a551f831c83db142,Skydio aircraft only.
Los Gatos/Monte Sereno Police Department,,Skydio,collected,6,2026-02-04,2026-08-25,https://www.arcgis.com/apps/dashboards/f766075aa8694f0dba75b8a350e5c131,Skydio aircraft only.
NIRAS EMEA,,Skydio,collected,6,2025-01-21,2025-01-21,https://www.arcgis.com/apps/dashboards/37b99114b5d843fabfa7cd05b0ecbbd1,Skydio aircraft only.
Frederick County Sheriff's Office,,Skydio,collected,5,2026-01-23,2026-02-23,https://www.arcgis.com/apps/dashboards/757a3ca500934bfa9de33669a5d473e8,Skydio aircraft only.
Knox County Sheriffs Office,TN,Skydio,collected,5,2026-04-10,2026-04-10,https://www.arcgis.com/apps/dashboards/2fedc6d0fa3a4ff3b8bc0608e708b768,Skydio aircraft only.
Nevada County Sheriff's Office,,Skydio,collected,5,2025-02-03,2025-02-28,https://www.arcgis.com/apps/dashboards/c414beda48c0421ba36d9a81b31a5a4a,Skydio aircraft only.
New Berlin Marshal's Office,TX,Skydio,collected,5,2026-08-26,2026-09-01,https://www.arcgis.com/apps/dashboards/82eadbba84e7480f9e614ba2c7d5c5f5,Skydio aircraft only.
TRIAL - Fargo Police Department,,Skydio,collected,5,2025-12-07,2025-12-08,https://www.arcgis.com/apps/dashboards/c95c74d0abbd4b588f233a04a893e25a,Skydio aircraft only.
Cherry Valley Police Department,,Skydio,collected,4,2024-11-09,2025-12-25,https://cloud.skydio.com/dashboard/cvpd,Skydio aircraft only.
Escambia County Sheriffs Office,FL,Skydio,collected,4,2025-04-12,2026-01-29,https://www.arcgis.com/apps/dashboards/d2a0e9c04fca4bcda91af3d52ef18e3c,Skydio aircraft only.
Marysville Police Department - Sno911,,Skydio,collected,4,2025-08-09,2025-08-09,https://www.arcgis.com/apps/dashboards/882eadd9bfef4ca58b9b20f73781d6dc,Skydio aircraft only.
Middlefield Vol. Fire Co.,,Skydio,collected,4,2024-11-16,2025-06-16,https://www.arcgis.com/apps/dashboards/61dfcc89c4804cb5aefd93ffbb3219e4,Skydio aircraft only.
RALEIGH PD,NC,Flock Aerodome,collected,4,2026-01-22,2026-01-22,https://community.raleigh.nc.us.aerodome.com/,"Richest source: call type, case number, priority, block-level address. Default view shows about a month; history reachable by date range."
Amherst Police Department,OH,Motorola CAPE,collected,3,2026-09-01,2026-09-01,https://www.aerial.motorolasolutions.com/transparency/amherstpd-oh,Rolling 30-day window: flights age out of the source permanently.
Boston PD,,Skydio,collected,3,2026-01-20,2026-02-08,https://cloud.skydio.com/dashboard/bostonpolice,Skydio aircraft only.
Foxborough Police Department,MA,Skydio,collected,3,2026-03-26,2026-03-26,https://www.arcgis.com/apps/dashboards/d8e670915cd6437c985ee831219964d8,Skydio aircraft only.
Indian River County Emergency Services,FL,Skydio,collected,3,2026-08-11,2026-08-11,https://www.arcgis.com/apps/dashboards/5c38bed763624cedbc63178f11687739,Skydio aircraft only.
Las Vegas Metropolitan Police Department,,Skydio,collected,3,2026-05-27,2026-05-27,https://www.arcgis.com/apps/dashboards/70a0fe191f6d407e8044e416df7910b2,Skydio aircraft only.
MLGW,,Skydio,collected,3,2025-06-17,2025-06-18,https://www.arcgis.com/apps/dashboards/1baaf00e2bd14cfc82e8e9df06d60cf4,Skydio aircraft only.
Alaska DOT&PF,,Skydio,collected,2,2026-06-22,2026-06-22,https://www.arcgis.com/apps/dashboards/fb9447dc4b354c99850366254b6c7c0f,Skydio aircraft only.
Dutchess County Sheriff's Office UAS Unit,,Skydio,collected,2,2026-08-10,2026-08-21,https://www.arcgis.com/apps/dashboards/332a8432ca584035a71c69a08afb34d9,Skydio aircraft only.
EMPORIA PD,VA,Flock Aerodome,collected,2,2026-03-12,2026-03-12,https://community.emporia.va.us.aerodome.com/,"Richest source: call type, case number, priority, block-level address. Default view shows about a month; history reachable by date range."
Hennepin EMS,,Skydio,collected,2,2025-08-29,2025-08-29,https://www.arcgis.com/apps/dashboards/65bd58e97fb44d15b05949d5b7ad6097,Skydio aircraft only.
Medicine Hat Police Service,,Skydio,collected,2,2026-08-12,2026-08-12,https://www.arcgis.com/apps/dashboards/dc06dea91597478ea122684bdbffdb3d,Skydio aircraft only.
Miami PD - Org,,Skydio,collected,2,2025-09-18,2025-09-18,https://www.arcgis.com/apps/dashboards/bcb6529dfdff4a7093bc7feb91b435e0,Skydio aircraft only.
PSEG Long Island Power Authority,,Skydio,collected,2,2026-05-27,2026-05-29,https://www.arcgis.com/apps/dashboards/a97a09c800f44b08b4450be0a82af604,Skydio aircraft only.
Turner Construction Company,,Skydio,collected,2,2024-12-01,2024-12-01,https://www.arcgis.com/apps/dashboards/980c6bec15754d998e45b726e8eca6b9,Skydio aircraft only.
AEP Gen Shared Services Engineering,,Skydio,collected,1,2025-05-07,2025-05-07,https://www.arcgis.com/apps/dashboards/a1e7692c854140ffaaf2fbf165e9d3f4,Skydio aircraft only.
"Azimuth, Inc.",,Skydio,collected,1,2025-09-22,2025-09-22,https://www.arcgis.com/apps/dashboards/cf8880ca0f654cfeac6f2d402be880d8,Skydio aircraft only.
Bellingham Police Department,WA,Skydio,collected,1,2026-08-19,2026-08-19,https://www.arcgis.com/apps/dashboards/ac4bcc12e9e4420897665747e8c2c5d0,Skydio aircraft only.
Birmingham Police Department,AL,Skydio,collected,1,2026-03-30,2026-03-30,https://www.arcgis.com/apps/dashboards/f3736746a3c9430d98cc8ca03ab5c53a,Skydio aircraft only.
Columbus Police Department - OH,,Skydio,collected,1,2025-11-19,2025-11-19,https://www.arcgis.com/apps/dashboards/be1daa5b5d4f486eaf15770cb0dd0bb1,Skydio aircraft only.
Dock Trial - Vancouver PD,WA,Skydio,collected,1,2025-08-26,2025-08-26,https://www.arcgis.com/apps/dashboards/e0f70ef9724b4d6c9f26261c51757310,Skydio aircraft only.
Duquesne Light Company,,Skydio,collected,1,2025-08-06,2025-08-06,https://www.arcgis.com/apps/dashboards/9ae8824a0caf4b3dacbc3596122eb282,Skydio aircraft only.
El Cajon PD,,Skydio,collected,1,2026-08-25,2026-08-25,https://www.arcgis.com/apps/dashboards/e82d5b26aff9427f88026be731055113,Skydio aircraft only.
Fort Collins Police Services,,Skydio,collected,1,2026-04-22,2026-04-22,https://www.arcgis.com/apps/dashboards/2d104fe503674c2395e36fdacb4205fa,Skydio aircraft only.
Granite Defense & Technologies NFR,,Skydio,collected,1,2025-09-03,2025-09-03,https://www.arcgis.com/apps/dashboards/50427cbddf194c359ca2ff1ac41d578f,Skydio aircraft only.
Lafayette Police Department,LA,Skydio,collected,1,2025-03-25,2025-03-25,https://www.arcgis.com/apps/dashboards/652aee69f955462f9a788b4e60e6fa23,Skydio aircraft only.
Newmont Lihir Papua New Guinea,,Skydio,collected,1,2026-07-19,2026-07-19,https://www.arcgis.com/apps/dashboards/d30c85a1e8a74201a2825591eda0fed1,Skydio aircraft only.
Trophy Club Police Department,TX,Skydio,collected,1,2026-07-23,2026-07-23,https://www.arcgis.com/apps/dashboards/b82c0141ee054a41ac56d9b9b36e393f,Skydio aircraft only.
Bloomington Police Department,IL,Self-published (ArcGIS),not yet collected,458,,,https://services3.arcgis.com/8EQ1HhogM827boPC/arcgis/rest/services/Police_Drone_Flights/FeatureServer/0,"Per-flight rows with start and end times. Also publishes on Skydio, so this would merge into the existing agency."
Scott County (multi-agency),IA,Self-published (ArcGIS),not yet collected,334,,,https://services.arcgis.com/ovln19YRWV44nBqV/arcgis/rest/services/SC_Drone_Flights/FeatureServer/0,"County-wide, several agencies in one table with a Department column. Includes training hours."
City of Yuma,AZ,Self-published (ArcGIS),not yet collected,222,,,https://services1.arcgis.com/tzW2OKwR84ufoH3y/arcgis/rest/services/City_of_Yuma_Drone_Flights_2_view/FeatureServer/0,"City-wide including police; a Department column separates them. Carries operator names, which would be dropped."
City and County of Denver,CO,Self-published (ArcGIS),not yet collected,25,,,https://www.arcgis.com/home/item.html?id=denver-uas-missions,"City GIS mission log, low volume. Denver PD proper publishes on Skydio and Flock."
City of Bloomington,IN,Self-published (Socrata),not yet collected,,,,https://data.bloomington.in.gov/resource/3a7f-6kb4.json,"City-wide, mostly IT and GIS rather than police. 2020 era."
Medford Police Department,OR,Self-published (ArcGIS),not yet collected,,,,https://www.arcgis.com/apps/dashboards/ebd0652bbefd420ea390974eb0a0047a,"Per-flight rows: case number, date, incident type."
Roselle Police Department,IL,Self-published (ArcGIS),not yet collected,,,,https://www.arcgis.com/apps/dashboards/4850e50ec6a24f20bad3bf18c387e09b,Per-flight rows including total flight duration and type of call.
Sedona Fire District,AZ,Self-published (ArcGIS),not yet collected,,,,https://www.arcgis.com/home/item.html?id=sedona-fire-uav,"Fire, not police. Last updated 2022. Contains pilot names, which would have to be dropped."
Las Vegas Metropolitan Police Department,NV,AirData,"live, nothing yet",17954,2025-09-03,2026-07-31,https://app.airdata.com/u/lvmpd,"No flight durations published. Portal states 17,756 flights across 10 months."
Boulder Police Department,CO,Motorola CAPE,"live, nothing yet",0,,,https://www.aerial.motorolasolutions.com/transparency/boulderpd,Rolling 30-day window: flights age out of the source permanently. Feed is currently empty; a future run will pick up new flights.
BOYNTON BEACH PD,FL,Flock Aerodome,"live, nothing yet",0,,,https://community.boynton-beach.fl.us.aerodome.com/,"Richest source: call type, case number, priority, block-level address. Default view shows about a month; history reachable by date range."
Brookhaven Police Department,GA,Motorola CAPE,"live, nothing yet",0,,,https://www.aerial.motorolasolutions.com/transparency/brookhavenga,Rolling 30-day window: flights age out of the source permanently. Feed is currently empty; a future run will pick up new flights.
City of Mankato,MN,AirData,"live, nothing yet",0,,,https://app.airdata.com/u/mankato,No flight durations published.
COBB COUNTY PD,GA,Flock Aerodome,"live, nothing yet",0,,,https://community.cobb-county.ga.us.aerodome.com/,"Richest source: call type, case number, priority, block-level address. Default view shows about a month; history reachable by date range."
DURANGO PD,CO,Flock Aerodome,"live, nothing yet",0,,,https://community.durango.co.us.aerodome.com/,"Richest source: call type, case number, priority, block-level address. Default view shows about a month; history reachable by date range."
FRANKLIN TOWNSHIP PD,NJ,Flock Aerodome,"live, nothing yet",0,,,https://community.franklin-somerset.nj.us.aerodome.com/,"Richest source: call type, case number, priority, block-level address. Default view shows about a month; history reachable by date range."
Hemet Police Department,CA,Motorola CAPE,"live, nothing yet",0,,,https://www.aerial.motorolasolutions.com/transparency/hemetpd-ca,Rolling 30-day window: flights age out of the source permanently. Feed is currently empty; a future run will pick up new flights.
LONGMONT PD,CO,Flock Aerodome,"live, nothing yet",0,,,https://community.longmont.co.us.aerodome.com/,"Richest source: call type, case number, priority, block-level address. Default view shows about a month; history reachable by date range."
Los Altos PD,CA,AirData,"live, nothing yet",0,,,https://app.airdata.com/u/losaltospd,No flight durations published.
LOVELAND PD,CO,Flock Aerodome,"live, nothing yet",0,,,https://community.loveland.co.us.aerodome.com/,"Richest source: call type, case number, priority, block-level address. Default view shows about a month; history reachable by date range."
Roswell Police,GA,Motorola CAPE,"live, nothing yet",0,,,https://www.aerial.motorolasolutions.com/transparency/roswellpd,Rolling 30-day window: flights age out of the source permanently. Feed is currently empty; a future run will pick up new flights.
Sacramento Police Department,CA,AirData,"live, nothing yet",0,,,https://app.airdata.com/u/spduas,No flight durations published.
Snohomish County Sheriff's Office,WA,AirData,"live, nothing yet",0,,,https://app.airdata.com/u/scso,No flight durations published.
Ventura County Sheriff Emergency Services,CA,AirData,"live, nothing yet",0,,,https://app.airdata.com/u/vcsoes,No flight durations published.
West Palm Beach PD,FL,AirData,"live, nothing yet",0,,,https://app.airdata.com/u/wpb,No flight durations published.
Westmont PD,IL,AirData,"live, nothing yet",0,,,https://app.airdata.com/u/vwpd,No flight durations published.
AEP ED TFS Line East,,Skydio,owner unidentified,0,,,https://www.arcgis.com/apps/dashboards/78367bc1ae0944a9b47fe179a13f5c5f,"Dashboard is real; which agency publishes it is unconfirmed, so it is not shown on the site."
Alsip Police Department,IL,Skydio,owner unidentified,0,,,https://www.arcgis.com/apps/dashboards/6b1a7b24351f4d399fa2513569c85aa0,"Dashboard is real; which agency publishes it is unconfirmed, so it is not shown on the site."
Austintown Fire Department,OH,Skydio,owner unidentified,0,,,https://www.arcgis.com/apps/dashboards/cec559ab9a04433db43889b30156cedc,"Dashboard is real; which agency publishes it is unconfirmed, so it is not shown on the site."
Bradley County Sheriff's Office Cleveland,TN,Skydio,owner unidentified,0,,,https://www.arcgis.com/apps/dashboards/4bc15e35dc5c400c8a8071ce99299f00,"Dashboard is real; which agency publishes it is unconfirmed, so it is not shown on the site."
Columbus GA - Skydio DFR Day,,Skydio,owner unidentified,0,,,https://www.arcgis.com/apps/dashboards/e4ff0fb1f5d841b78cbc70a428ead7c2,"Dashboard is real; which agency publishes it is unconfirmed, so it is not shown on the site."
Columbus Police Department,GA,Skydio,owner unidentified,0,,,https://www.arcgis.com/apps/dashboards/c7aa4ac739d24a71ba7975dbefef6e2f,"Dashboard is real; which agency publishes it is unconfirmed, so it is not shown on the site."
Dare County Sheriffs Office,NC,Skydio,owner unidentified,0,,,https://www.arcgis.com/apps/dashboards/919acc68c84a403cb76bac08a8198e02,"Dashboard is real; which agency publishes it is unconfirmed, so it is not shown on the site."
Elgin Police Department DOCK TRIAL,,Skydio,owner unidentified,0,,,https://www.arcgis.com/apps/dashboards/1aac882182574327b7e7179fce6169a4,"Dashboard is real; which agency publishes it is unconfirmed, so it is not shown on the site."
Eustis Police Department,FL,Skydio,owner unidentified,0,,,https://www.arcgis.com/apps/dashboards/b6be64b9a1624c30a9aebbcd9b26cdc8,"Dashboard is real; which agency publishes it is unconfirmed, so it is not shown on the site."
Huntington Beach Police Department,,Skydio,owner unidentified,0,,,https://www.arcgis.com/apps/dashboards/c3be19afce314574baf793eae5ec373d,"Dashboard is real; which agency publishes it is unconfirmed, so it is not shown on the site."
JEA,,Skydio,owner unidentified,0,,,https://www.arcgis.com/apps/dashboards/d93918edbd9844dea5a830bd3fea2e85,"Dashboard is real; which agency publishes it is unconfirmed, so it is not shown on the site."
JP-JIW-X10,,Skydio,owner unidentified,0,,,https://www.arcgis.com/apps/dashboards/73f87287920848c69def5a2c5ad25ffb,"Dashboard is real; which agency publishes it is unconfirmed, so it is not shown on the site."
JP-Kajima-Kanto,,Skydio,owner unidentified,0,,,https://www.arcgis.com/apps/dashboards/41ace93a98084961b762d01ad41c0ae6,"Dashboard is real; which agency publishes it is unconfirmed, so it is not shown on the site."
Long Beach Township,,Skydio,owner unidentified,0,,,https://www.arcgis.com/apps/dashboards/5291bfae11f043798590a5cdb84f1090,"Dashboard is real; which agency publishes it is unconfirmed, so it is not shown on the site."
Marion County Fire Rescue,,Skydio,owner unidentified,0,,,https://www.arcgis.com/apps/dashboards/be153db7fcb845479879f6c0d39115a5,"Dashboard is real; which agency publishes it is unconfirmed, so it is not shown on the site."
Michigan State Police,MI,Skydio,owner unidentified,0,,,https://www.arcgis.com/apps/dashboards/d6ebfc8722df40229414ca9d3465712b,"Dashboard is real; which agency publishes it is unconfirmed, so it is not shown on the site."
NOAA - Lakeland,,Skydio,owner unidentified,0,,,https://www.arcgis.com/apps/dashboards/8c84418547e54eaf97d77573c9756e5a,"Dashboard is real; which agency publishes it is unconfirmed, so it is not shown on the site."
Odessa Police & Fire Departments,TX,Skydio,owner unidentified,0,,,https://www.arcgis.com/apps/dashboards/203f2a50944a4f72acf412853024ad89,"Dashboard is real; which agency publishes it is unconfirmed, so it is not shown on the site."
Olathe Police Department,KS,Skydio,owner unidentified,0,,,https://www.arcgis.com/apps/dashboards/8de565bc7f6d4acf923119d4c0937ca3,"Dashboard is real; which agency publishes it is unconfirmed, so it is not shown on the site."
Ontario Police Department,CA,Skydio,owner unidentified,0,,,https://www.arcgis.com/apps/dashboards/2928687a9e6d4966b4b46304bca4a3e1,"Dashboard is real; which agency publishes it is unconfirmed, so it is not shown on the site."
Skydio Fire Service Working Group,,Skydio,owner unidentified,0,,,https://www.arcgis.com/apps/dashboards/f45511bf92c24d648e58aff4270532a6,"Dashboard is real; which agency publishes it is unconfirmed, so it is not shown on the site."
Surprise Police Department,AZ,Skydio,owner unidentified,0,,,https://www.arcgis.com/apps/dashboards/f89e86d870dd450fb58715bf24b58a49,"Dashboard is real; which agency publishes it is unconfirmed, so it is not shown on the site."
Suwannee County Drone Department,,Skydio,owner unidentified,0,,,https://www.arcgis.com/apps/dashboards/c7c43160a88f474aacb38fd9e6625ab9,"Dashboard is real; which agency publishes it is unconfirmed, so it is not shown on the site."
University of Connecticut T2 Center,,Skydio,owner unidentified,0,,,https://www.arcgis.com/apps/dashboards/569d8c9db1bb4d14badaae86a369265f,"Dashboard is real; which agency publishes it is unconfirmed, so it is not shown on the site."
USAF - 87 ABW sUAS Agency - JB McGuire-Dix-Lakehurst,,Skydio,owner unidentified,0,,,https://www.arcgis.com/apps/dashboards/b6b34c3e68fb4e78894f9fe13cdfd0e4,"Dashboard is real; which agency publishes it is unconfirmed, so it is not shown on the site."
Abq,NM,Flock Aerodome,"provisioned, not live",,,,https://community.abq.nm.us.aerodome.com/,The vendor issued a certificate for this hostname but it does not resolve or returns not-found. Worth re-checking later: it may be a dashboard that has not launched.
Corona,CA,Flock Aerodome,"provisioned, not live",,,,https://community.corona.ca.us.aerodome.com/,The vendor issued a certificate for this hostname but it does not resolve or returns not-found. Worth re-checking later: it may be a dashboard that has not launched.
Corona2,CA,Flock Aerodome,"provisioned, not live",,,,https://community.corona2.ca.us.aerodome.com/,The vendor issued a certificate for this hostname but it does not resolve or returns not-found. Worth re-checking later: it may be a dashboard that has not launched.
Elk Grove1,CA,Flock Aerodome,"provisioned, not live",,,,https://community.elk-grove1.ca.us.aerodome.com/,The vendor issued a certificate for this hostname but it does not resolve or returns not-found. Worth re-checking later: it may be a dashboard that has not launched.
Franklin Township,NJ,Flock Aerodome,"provisioned, not live",,,,https://community.franklin-township.nj.us.aerodome.com/,The vendor issued a certificate for this hostname but it does not resolve or returns not-found. Worth re-checking later: it may be a dashboard that has not launched.
Mount Juliet,TN,Flock Aerodome,"provisioned, not live",,,,https://community.mount-juliet.tn.us.aerodome.com/,The vendor issued a certificate for this hostname but it does not resolve or returns not-found. Worth re-checking later: it may be a dashboard that has not launched.
Redondo Beach,CA,Flock Aerodome,"provisioned, not live",,,,https://community.redondo-beach.ca.us.aerodome.com/,The vendor issued a certificate for this hostname but it does not resolve or returns not-found. Worth re-checking later: it may be a dashboard that has not launched.
Richmond,CA,Flock Aerodome,"provisioned, not live",,,,https://community.richmond.ca.us.aerodome.com/,The vendor issued a certificate for this hostname but it does not resolve or returns not-found. Worth re-checking later: it may be a dashboard that has not launched.
San Francisco,CA,Flock Aerodome,"provisioned, not live",,,,https://community.san-francisco.ca.us.aerodome.com/,The vendor issued a certificate for this hostname but it does not resolve or returns not-found. Worth re-checking later: it may be a dashboard that has not launched.
Scottsdalecad,AZ,Flock Aerodome,"provisioned, not live",,,,https://community.scottsdalecad.az.us.aerodome.com/,The vendor issued a certificate for this hostname but it does not resolve or returns not-found. Worth re-checking later: it may be a dashboard that has not launched.
Scottsdalecad,CO,Flock Aerodome,"provisioned, not live",,,,https://community.scottsdalecad.co.us.aerodome.com/,The vendor issued a certificate for this hostname but it does not resolve or returns not-found. Worth re-checking later: it may be a dashboard that has not launched.
Vacaville,CA,Flock Aerodome,"provisioned, not live",,,,https://community.vacaville.ca.us.aerodome.com/,The vendor issued a certificate for this hostname but it does not resolve or returns not-found. Worth re-checking later: it may be a dashboard that has not launched.
Any agency using Flock Safety transparency,,Flock Safety (flocksafety.com),"lead, not located",,,,https://transparency.flocksafety.com/,Separate from Aerodome and behind a login. Mostly licence-plate reader data rather than drone flights.
Any agency using Fusus,,Fusus (Axon),"lead, not located",,,,https://trust.fusus.com/,Transparency portals exist but are not publicly enumerable and did not expose per-flight drone logs.
Huntsville Police Department,AL,AirData (reported),"lead, not located",,,,,Named in press coverage as publishing through AirData. Twenty-two slug guesses all returned empty pages.
Metropolitan Police Department,DC,Unknown,"lead, not located",,,,,Publishes a UAS programme page; no per-flight log located.
Reno Police Department,NV,Unknown,"lead, not located",,,,,"Press reports a live transparency dashboard with over 11,000 deployments and flight-path maps promised. No public URL found on the city site yet. High value: re-check."
Salt Lake City Police Department,UT,Unknown,"lead, not located",,,,,Department page says a drone dashboard is coming soon.
Santa Clara Police Department,CA,Unknown,"lead, not located",,,,,Publishes UAS deployment summaries; no per-flight log located.
Campbell Police Department,CA,DroneSense,retired,,,,https://dashboard.dronesense.com/campbellpddfr,Page not found; no data.
Fremont Police Department,CA,DroneSense,retired,,,,https://dashboard.dronesense.com/fremontpublicsafetydfr,Page not found; no data.
Montgomery County Police Department,MD,DroneSense,retired,,,,https://dashboard.dronesense.com/MCPDDFR,DroneSense dashboards are dead across every known slug. This agency now publishes on Skydio instead.
Oswego County,NY,DroneSense,retired,,,,https://dashboard.dronesense.com/oswegocountyuas,Page not found; no data.
Ohio Department of Transportation,OH,Self-published (Power BI),out of scope,1912,,,https://app.powerbi.com/view?r=eyJrIjoiMWE0MzdkMWItMTRkZi00NmRkLWFiYmEtYWJmOTdhNzk5ZTQwIiwidCI6IjZhYmJlNDI1LTkzYjYtNDUxMi04MzQ5LWI1MmE1MWYzMzUyMSJ9,"Fully readable per-flight data, but a transportation agency flying bridge inspections. Excluded by decision, not by difficulty."
